-- phpMyAdmin SQL Dump
-- version 4.0.4
-- http://www.phpmyadmin.net
--
-- Host: localhost
-- Generation Time: Jun 12, 2024 at 01:15 PM
-- Server version: 5.6.12-log
-- PHP Version: 5.4.16

SET SQL_MODE = "NO_AUTO_VALUE_ON_ZERO";
SET time_zone = "+00:00";


/*!40101 SET @OLD_CHARACTER_SET_CLIENT=@@CHARACTER_SET_CLIENT */;
/*!40101 SET @OLD_CHARACTER_SET_RESULTS=@@CHARACTER_SET_RESULTS */;
/*!40101 SET @OLD_COLLATION_CONNECTION=@@COLLATION_CONNECTION */;
/*!40101 SET NAMES utf8 */;

--
-- Database: `news`
--
CREATE DATABASE IF NOT EXISTS `news` DEFAULT CHARACTER SET gbk COLLATE gbk_chinese_ci;
USE `news`;

-- --------------------------------------------------------

--
-- Table structure for table `category`
--

CREATE TABLE IF NOT EXISTS `category` (
  `category_id` int(11) NOT NULL AUTO_INCREMENT,
  `name` char(20) NOT NULL,
  `description` char(255) NOT NULL,
  PRIMARY KEY (`category_id`)
) ENGINE=InnoDB  DEFAULT CHARSET=gbk AUTO_INCREMENT=11 ;

--
-- Dumping data for table `category`
--

INSERT INTO `category` (`category_id`, `name`, `description`) VALUES
(1, '商务', '商务新闻聚焦全球商业动态，报道企业并购、市场策略、投资趋势、商业政策等关键信息。它关注各大公司的发展动向，分析市场趋势，为商业决策者提供重要参考。商务新闻不仅关注大型企业，也关注中小企业和创新型企业的成长和挑战。'),
(2, '财经', '财经新闻专注于金融市场动态、经济政策、股票行情、货币汇率、债券收益等方面的报道。它实时更新全球财经数据，解读宏观经济形势，为投资者提供及时准确的财经信息。财经新闻还关注全球经济政策的变化，分析其对金融市场的影响。'),
(5, '科技与技术', '科技与技术新闻报道最新的科技创新、技术发展、科技产品发布等动态。它关注人工智能、互联网、生物技术、新能源等领域的最新进展，解读科技前沿动态，为科技爱好者和科技从业者提供重要参考。科技与技术新闻还关注科技政策的变化，分析其对科技产业的影响。'),
(6, '娱乐', '娱乐新闻报道影视、音乐、明星八卦等娱乐产业的相关动态。它关注热门电影、电视剧的发布和播出，报道明星的采访和动态，为读者提供丰富的娱乐资讯。娱乐新闻旨在满足读者的娱乐需求，让人们在工作之余能够放松身心，享受娱乐带来的乐趣。同时，娱乐新闻也关注娱乐产业的发展趋势和变化，为读者提供行业洞察。'),
(7, '政治', '合并成一个句子: 涉及政府政策、政治选举、国际关系等方面的新闻 。该类别涵盖有关政府、选举、法律和政策的新闻。它还包括有关政治人物和政党的报道。'),
(8, '国际', '国际新闻是展现全球政治、经济、文化动态的重要窗口，连接着不同国家和地区，揭示着世界的风云变幻。不仅报道国际间的重大事件，还关注全球性问题，如气候变化、公共卫生等，推动国际社会共同应对挑战。该类别涵盖全球各地的新闻，包括有关国际关系、冲突和外交的报道。');

-- --------------------------------------------------------

--
-- Table structure for table `news`
--

CREATE TABLE IF NOT EXISTS `news` (
  `news_id` int(11) NOT NULL AUTO_INCREMENT,
  `user_id` int(11) DEFAULT NULL,
  `category_id` int(11) DEFAULT NULL,
  `title` char(100) NOT NULL,
  `content` text,
  `publish_time` datetime DEFAULT NULL,
  `clicked` int(11) DEFAULT NULL,
  `attachment` char(100) DEFAULT NULL,
  `thumbnail` char(255) NOT NULL DEFAULT 'images/thumbnail.jpg',
  PRIMARY KEY (`news_id`),
  KEY `FK_news_user` (`user_id`),
  KEY `FK_news_category` (`category_id`)
) ENGINE=InnoDB  DEFAULT CHARSET=gbk AUTO_INCREMENT=111 ;

--
-- Dumping data for table `news`
--

INSERT INTO `news` (`news_id`, `user_id`, `category_id`, `title`, `content`, `publish_time`, `clicked`, `attachment`, `thumbnail`) VALUES
(1, 1, 7, '全球气候峰会：科技引领，创新驱动，共筑低碳未来', '在全球气候峰会上，科技创新成为各国讨论的热点。峰会不仅关注减排目标，更强调通过科技手段推动绿色转型和低碳发展。 <br />\r\n<br />\r\n各国领导人纷纷表示，科技是应对气候变化的关键力量。从清洁能源的开发利用，到碳捕获和储存技术的突破，再到智能交通和绿色建筑的创新实践，科技正在为全球绿色发展提供源源不断的动力。 <br />\r\n<br />\r\n峰会期间，各国还展示了众多前沿的绿色科技成果，包括高效太阳能电池板、智能农业灌溉系统、电动汽车和氢能源技术等。这些成果不仅展现了科技在应对气候变化方面的巨大潜力，也为全球绿色转型提供了可借鉴的经验和模式。  <br />\r\n<br />\r\n联合国环境规划署主任在发言中强调，科技创新是推动全球绿色转型的关键。他呼吁各国加强科技合作，共同研发和推广绿色技术，以科技引领全球气候治理，共筑低碳未来。 <br />', '2024-05-07 02:20:30', 63, '', '/images/1_20240611124713873.png'),
(2, 1, 1, '商务部公布中国―巴西高层协调与合作委员会第七次会议成果清单', '<br />\r\n&nbsp; &nbsp; &nbsp; &nbsp; 商务部官网6月11日消息，6月6日，中巴双方召开中国&mdash;巴西高层协调与合作委员会第七次会议，达成以下成果：  <br />\r\n<br />\r\n1、双方签署中国&mdash;巴西高层协调与合作委员会第七次会议纪要。  <br />\r\n<br />\r\n2、双方签署《中华人民共和国工业和信息化部与巴西联邦共和国创业和小微企业部关于中小微企业公共政策合作的谅解备忘录》。  <br />\r\n<br />\r\n3、双方签署《中华人民共和国海关总署与巴西联邦共和国农业和畜牧业部关于巴西碧根果输华检验检疫要求议定书》。  <br />\r\n<br />\r\n4、双方签署《中国国家外汇管理局与巴西财政部关于推动中巴可持续发展扩大产能合作基金有效发挥作用的谅解备忘录》。  <br />\r\n<br />\r\n5、双方签署《中国中拉产能合作投资基金与巴西国家经济社会发展银行关于促进中巴可持续发展产能合作的合作协议》。  <br />\r\n<br />\r\n6、双方签署《中国国家航天局和巴西科技创新部关于中巴地球资源05星的联合意向声明》。  <br />\r\n<br />\r\n7、国家金融监管总局与巴西私人保险监管局签署保险业监管合作谅解备忘录。  <br />\r\n<br />\r\n8、中国证监会与巴西证券交易委员会签署更新版证券期货监管合作谅解备忘录。  <br />\r\n<br />\r\n9、双方同意将《中华人民共和国政府与巴西联邦共和国政府关于互免持外交、公务（官员）护照人员签证协定》免签范围扩大至中方持公务普通护照人员。  <br />\r\n<br />\r\n10、双方签署《中巴高层协调与合作委员会环境和气候变化分委会工作安排文件》。  <br />\r\n<br />\r\n11、双方签署《中巴企业家委员会双方委员会合作谅解备忘录》。  <br />\r\n<br />\r\n12、中国国家开发银行与巴西银行签署二期授信合作5亿美元贷款协议，继续深化与巴西金融机构及企业务实合作。  <br />\r\n<br />\r\n13、中国国家开发银行与巴西开发银行签署8亿美元贷款协议，用于支持巴西基础设施、电力、制造业、油气、农业、气候变化和绿色发展、绿色经济等领域项目。  <br />\r\n<br />\r\n14、中信保公司与巴西国家石油公司续签合作备忘录。  <br />\r\n<br />\r\n15、中国进出口银行与巴西银行签署5亿美元双边贷款协议，优先用于支持双边经贸合作。  <br />\r\n<br />\r\n16、双方同意签署中国国家能源局与巴西矿能部合作意向书。  <br />\r\n<br />\r\n17、双方同意签署合作开展葡萄牙语教学的谅解备忘录。  <br />\r\n<br />\r\n18、双方就《关于促进中小微企业开展经贸合作的谅解备忘录》文本达成一致。  <br />\r\n<br />\r\n19、双方同意积极商签两国高等教育学历学位互认协议。  <br />\r\n<br />\r\n20、双方同意2024年下半年在巴举办中巴大学校长论坛。  <br />\r\n<br />\r\n21、为庆祝两国建交50周年，双方同意支持在巴举办&ldquo;中国文化季&rdquo;活动。  <br />\r\n<br />\r\n22、双方同意加强传统文化表现形式知识产权保护交流合作。  <br />\r\n<br />\r\n23、双方同意推动巴西高粱、鱼粉鱼油、大米等产品输华准入程序，巴西葡萄、芝麻输华议定书文本已基本达成一致。  <br />\r\n<br />\r\n24、自中巴高委会第六次会议至2024年3月，中方批准了42家巴西肉类企业在华注册。  <br />\r\n<br />\r\n25、双方同意共同举办中巴减贫合作高级别研讨会。  <br />\r\n<br />\r\n26、由中巴两国财政部主办、中国国家开发银行承办的中巴金融合作论坛于2024年3月成功召开。  <br />\r\n<br />\r\n27、双方支持两国证券期货交易所加强沟通交流和务实合作，支持上海证券交易所、深圳证券交易所与巴西证券期货交易所探索开展ETF互通合作。  <br />\r\n<br />\r\n28、双方于2024年6月5日在北京召开中国&mdash;巴西商业研讨会。  <br />\r\n<br />\r\n29、双方于2024年4月通过工业、信息技术和通信分委会工作计划，在相关领域深化合作，细化联合行动。', '2024-05-06 10:14:44', 117, '', '/images/2_20240612064617820.webp'),
(3, 2, 1, '澳大利亚商业峰会主席：中国市场对澳中小企业极具吸引力', '&nbsp; &nbsp; &nbsp; &nbsp; 中新社悉尼6月12日电 (顾时宏 王心怡)澳大利亚商业峰会主席弗兰克&middot;阿拉法奇11日在上海&middot;悉尼中澳企业家经贸交流会上致辞时表示，中国市场对澳大利亚中小企业极具吸引力，是澳大利亚农产品、制造业和服务的主要进口国。 <br />\r\n<br />\r\n&nbsp; &nbsp; &nbsp; &nbsp; 弗兰克&middot;阿拉法奇指出，数据显示，澳大利亚对中国的出口额比对第二大出口国日本多出300亿澳元，几乎是对美国和印度出口总额的三倍。每年，澳大利亚中小企业从中国进口价值约460亿澳元的商品和服务。中国进口商品，如计算机、电器设备、家具和服装，为澳大利亚家庭带来了巨大好处。  <br />\r\n<br />\r\n&nbsp; &nbsp; &nbsp; &nbsp; 阿拉法奇表示，澳大利亚是中国投资的重要目的地之一，这对澳大利亚的税收和就业贡献颇大。目前，中国在澳大利亚的投资规模位居全球第六。中国企业大规模投资澳大利亚，因为澳大利亚拥有健全的金融监管和商业基础设施。  <br />\r\n<br />\r\n&nbsp; &nbsp; &nbsp; &nbsp; 在他看来，澳中双边经济关系为澳大利亚企业开辟了无数商机，澳大利亚中小企业致力于建立与中国的贸易与投资联系，扩大互利机会，特别是在改善基础设施、整合贸易和投资政策以及促进企业合作等方面。推动这一富有成效的关系将让双方获得更大利益。  <br />\r\n<br />\r\n&nbsp; &nbsp; &nbsp; &nbsp; 阿拉法奇认为，澳大利亚和中国需要建立长期的广泛战略合作伙伴关系，特别是在地方交流层面上，通过定期组织澳中贸易和投资代表团往来，在具有相互优势的领域开展合作和知识共享。  <br />\r\n<br />\r\n&nbsp; &nbsp; &nbsp; &nbsp; 为此，他建议澳中进行规划合作，以促进更多中国投资进入新南威尔士州(简称新州)；加强电子商务合作，支持新州及其他澳大利亚食品和饮料出口中国；通过协助商务对接，促进澳大利亚新鲜食品和农产品在中国市场上的销售，加强双方经济合作与交流。此外，还可通过与航空公司、批发零售和在线旅行合作伙伴合作，在中国开展联合营销活动，以增加中国游客来澳大利亚旅游的人数。  <br />\r\n<br />\r\n&nbsp; &nbsp; &nbsp; &nbsp; 由上海市促进中小企业发展协调办公室主办的上海&middot;悉尼中澳企业家经贸交流会11日在澳大利亚悉尼举行，中澳企业代表近60人参会。', NULL, 108, '', '/images/3_20240612065051810.webp'),
(4, 1, 2, '药明康德回应:《生物安全法案》加入NDAA未获批准，暂不进入美众议院立法议程', '　&nbsp; &nbsp; &nbsp; &nbsp; 昨日（6月11日），有消息称美国《生物安全法案》的H.R.8333提案在纳入NDAA（《2025国防授权法案》）立法过程中受阻。  <br />\r\n<br />\r\n&nbsp; &nbsp; &nbsp; &nbsp; 《每日经济新闻》记者在6月12日举行的药明康德(35.8, 2.65, 7.99%)9.SH，股价45.38元，市值1321.43亿元）2023年年度股东大会现场了解到，药明康德管理层回应称，公司了解到，关于将《生物安全法案》加入2025国防授权法案的修正案未能获得众议院规则委员会的批准，因此《生物安全法案》目前不会进入众议院的2025国防授权法案的立法议程，其后续立法路径仍有待明确。公司将继续密切观察相关的立法进展。  <br />\r\n<br />\r\n&nbsp; &nbsp; &nbsp; &nbsp; 封面图片来源：每经记者 许立波 摄', NULL, 72, '', '/images/4_20240612082437143.jpg'),
(6, 1, 2, '英伟达公布AI芯片升级计划 人工智能ETF（515980）拥抱算力相关产业链', '&nbsp; &nbsp; &nbsp; &nbsp; 2024年6月2日，英伟达CEO黄仁勋在主题演讲中公布了公司未来三年的GPU发展路线。据悉，此前公司官宣的Blackwell芯片已正式投产，而英伟达也计划在2025-2027年依次推出Blackwell Ultra GPU、新一代AI平台&ldquo;Rubin&rdquo;和Rubin Ultra GPU，完成AI芯片的&ldquo;一年一迭代&rdquo;。  <br />\r\n<br />\r\n&nbsp; &nbsp; &nbsp; &nbsp; 对此，北大人工智能博士、华富人工智能ETF（515980）的基金经理郜哲表示，英伟达Blackwell系列新产品的出现有望大幅提升光模块速率和PCB板卡的需求，并持续拉动相关板块的盈利预期。此外，AI芯片更新迭代速率的提升以及能耗的大幅降低，也意味着万亿级参数的大模型开发在电力和算力方面受到的限制可能进一步缩小，越来越多的多模态AI应用有望在未来1-2年内出现。  <br />\r\n<br />\r\n&nbsp; &nbsp; &nbsp; &nbsp; 国内方面，算力端和应用端持续迎来利好催化。近期成立的国家大基金三期，在延续此前对半导体设备和材料等细分领域的支持以外，或将更加聚焦AI算力芯片、存储芯片等方向。在国家的大力扶持下，国内5nm、7nm芯片先进制程的制造良率持续改善，有望推动ASIC算力芯片的产能稳步提升，国内ASIC芯片相关上市公司也有望迎来一轮新的业绩增长。  <br />\r\n<br />\r\n&nbsp; &nbsp; &nbsp; &nbsp; 而在应用端，国产大模型的性能也在不断提升，商用化落地进程进一步加快。例如，近期混元大模型全面升级为&ldquo;元宝&rdquo;APP，进一步优化了用户在AI搜索、AI总结、AI写作等核心功能上的使用体验。据悉，该产品已接入微信生态，或可基于海量的公众号信息资源和庞大的用户基数，为用户生成更高质量的定制化回答。随着该模型进一步渗透人们的工作和生活，对国内AIGC应用的发展可能产生较好的示范意义。  <br />\r\n<br />\r\n&nbsp; &nbsp; &nbsp; &nbsp; 展望未来，基金经理郜哲表示，当前国内外AI产业景气趋势仍在持续向好，各巨头资本开支拉动国内光模块订单和业绩的预期不断兑现，印证了光模块行业的高景气。而从估值来看，人工智能产业指数（931071.CSI）经过前期调整后目前处于估值较低区间，投资性价比凸显。看好人工智能长期发展前景的投资者不妨持续关注人工智能ETF（515980），该ETF基金聚焦人工智能产业链，一键打包具有真实盈利落地和高增长潜力的AI公司。场外投资者也可以借道人工智能ETF联接基金（A类：008020，C类008021），共享人工智能产业发展红利。  <br />\r\n<br />\r\n&nbsp; &nbsp; &nbsp; &nbsp; 注：人工智能行业受市场需求、国家政策、国际地缘政治形势影响较大，相关上市公司股价波动可能较大，进而导致本基金净值波动较大，并可能会发生本金亏损。文中所提公司及个股仅作为示例，不构成任何投资建议。  <br />\r\n<br />\r\n&nbsp; &nbsp; &nbsp; &nbsp; 风险提示：基金/股市有风险，投资需谨慎。本文关于证券市场、人工智能行业的论述仅为本公司对当下证券市场与相关行业的研究观点，基于市场环境的不确定和多变性，所涉观点后续可能随着市场发生调整或变化。本文内容仅用于投资者沟通交流之目的，不构成对任何机构和个人投资的建议或意见，不代表本公司管理基金当下或未来的持仓，也不必然作为本公司管理之基金进行投资决策的依据，不构成对投资者投资收益的承诺或保证。本文数据来自公开资料整理，本公司并不保证本文所载文字及数据的准确性及完整性，不对任何人因使用此类报告的全部或部分内容而引致的任何损失承担任何责任。投资人购买基金前，应当认真阅读《基金合同》、《招募说明书》、《产品资料概要》等基金法律文件，了解基金的风险收益特征，并根据自身的投资目的、投资期限、投资经验、资产状况等判断基金是否和投资人的风险承受能力相适应。投资人应根据个人风险承受能力和投资经验，审慎参与基金/股市投资。  <br />\r\n<br />\r\n&nbsp; &nbsp; &nbsp; &nbsp; 华富人工智能ETF为股票型ETF基金，采用指数化投资策略，紧密跟踪中证人工智能产业指数，投资于标的指数成份股和备选成份股的资产比例不低于基金资产净值的90%，且不低于非现金基金资产的80%。基金管理人对华富人工智能ETF的风险评级为R4级，适合风险承受能力等级为C4级及以上投资者认购。华富人工智能ETF联接基金为股票型ETF联接基金，主要投资于目标ETF、标的指数成分股和备选成份股票，其中投资于目标ETF的资产比例不低于基金资产净值的90%。基金管理人对华富人工智能ETF联接基金的风险评级为R4级，适合风险承受能力等级为C4级及以上投资者认购。中证人工智能产业指数的历史收益情况不预示其未来表现，不构成对华富人工智能ETF及其ETF联接基金业绩表现的保证，请投资者关注指数波动的风险。华富人工智能ETF为交易型开放式指数基金，可能发生基金投资组合回报与标的指数回报偏离，指数编制机构停止服务，成份券停牌、摘牌或违约等风险，当基金上市后将在二级市场进行交易，尽管套利机制的存在将使得ETF交易价格与IOPV(基金份额参考净值)的差异控制在一定范围内，但ETF交易价格受诸多因素影响可能存在显著不同于IOPV的情形，投资者买入基金可能存在一定的折溢价风险。华富人工智能ETF联接基金可能发生基金投资组合业绩与目标ETF基金业绩存在偏离、不完全一致等风险。 基金投资收益将受到证券市场调整而发生波动，可能会发生本金亏损。有关以上基金的具体风险，请详见《招募说明书》相关章节。请投资者注意，不同基金销售机构对本基金的风险评级可能不一致，请根据各销售机构作出的风险评估以及匹配结果进行购买，并详细阅读本基金的《基金合同》、《招募说明书》、《产品资料概要》等法律文件，了解本基金风险收益特征等具体情况，根据自身风险承受能力等情况自行做出投资选择。基金的过往业绩并不预示其未来表现，基金管理人管理的其他基金的业绩并不构成基金业绩表现的保证。基金管理人承诺以诚实守信、勤勉尽责原则管理和运用基金财产，但不保证基金一定盈利，也不保证最低收益。我国基金运作时间较短，不能反映股市发展的所有阶段。基金管理人提示投资者的&ldquo;买者自负&rdquo;原则，在作出投资决策后，与基金投资有关的风险由投资者自行承担。本产品由华富基金管理有限公司发行与管理，代销机构不承担产品的投资、兑付和风险管理责任。 基金在投资运作过程中可能面临各种风险，既包括市场风险，也包括基金自身的管理风险、技术风险和合规风险等。巨额赎回风险是开放式基金所特有的一种风险，即当单个开放日基金的净赎回申请超过基金总份额的一定比例（开放式基金为百分之十，定期开放基金为百分之二十，中国证监会规定的特殊产品除外）时，您将可能无法及时赎回申请的全部基金份额，或您赎回的款项可能延缓支付。您应当充分了解基金定期定额投资和零存整取等储蓄方式的区别。定期定额投资是引导投资者进行长期投资、平均投资成本的一种简单易行的投资方式，但并不能规避基金投资所固有的风险，不能保证投资者获得收益，也不是替代储蓄的等效理财方式。 张娅，19年证券从业经验，其中14年基金管理经验。目前担任华富中证5年恒定久期国开债指数基金（2019.1.28起）、华富中证人工智能产业ETF（2019.12.24起）、华富中证人工智能产业ETF联接基金（2020.4.23起）、华富中债-安徽省公司信用类债券指数基金（2020.8.3起）、华富消费成长股票型基金（2022.7.22起）、华富中证科创创业50指数增强基金（2022.8.31起）的基金经理。 郜哲，10年证券从业经验，其中6年基金管理经验。2017年4月加入华富基金管理有限公司，目前担任华富中证100指数基金（2018.2.23起）、华富中证人工智能产业ETF（2019.12.24起）、华富中证人工智能产业ETF联接基金（2020.4.23起）、华富消费成长股票型基金（2022.7.22起）、华富中证科创创业50指数增强基金（2022.8.31起）、华富产业智选混合型基金（2024.3.20起）的基金经理。 李孝华，10年证券从业经验，其中3年基金管理经验。2019年加入华富基金管理有限公司，目前担任华富中证100指数基金（2021.5.7起）、华富中证证券公司先锋策略ETF（2021.6.28起）、华富中证稀有金属主题ETF（2021.8.11起）、华富中小企业100指数增强型基金（2021.11.17起）、华富灵活配置混合型基金（2022.9.5起）、华富中证人工智能产业ETF（2023.2.9起）、华富中证人工智能产业ETF联接基金（2023.2.9起）、华富中证科创创业50指数增强基金（2023.2.9起）和华富永鑫灵活配置混合基金（2023.3.24起）的基金经理。', NULL, 84, '', '/images/6_20240612084132158.png'),
(7, NULL, 2, '沪金主力实时走势：国内黄金短期反弹有模有样', '&nbsp; &nbsp; &nbsp; &nbsp; 今日周三（6月12日），北京时间14：02，沪金主力开盘价548.08元/克，昨收价544.78元/克；黄金TD日内开盘价543.45元/克，昨收价543.69元/克。沪金主力报价547.58元/克，涨幅0.12%；黄金td报价539.40元/克，涨幅0.14%。  <br />\r\n<br />\r\n<img src="/news/userfiles/20240612_080354_3415.jpg" alt="" /><br />\r\n<br />\r\n&nbsp; &nbsp; &nbsp; &nbsp; 今美黄金主力开盘价2334.0000美元/盎司，昨收价2333.8999美元/盎司。现货黄金日内开盘价2315.08美元/盎司，昨收价2316.69美元/盎司。  <br />\r\n<br />\r\n&nbsp; &nbsp; &nbsp; &nbsp; 美国10年期指标国债收益率在连续两个交易日上涨后周二下跌，帮助金价守在2300关口上方。  <br />\r\n<br />\r\n&nbsp; &nbsp; &nbsp; &nbsp; 收益率在此前两个交易日上涨，上周一份强于预期的就业报告促使市场调降了对美联储今年降息时间和幅度的预期。  <br />\r\n<br />\r\n&nbsp; &nbsp; &nbsp; &nbsp; 在财政部标售390亿美元10年期国债之前，收益率最初的跌势一度开始缓解。分析师认为标售结果强劲，投标倍数为2.67，远高于平均水平，得标利率为4.438%，比标售结束时二级市场的收益率水平低了逾2个基点。  <br />\r\n<br />\r\n&nbsp; &nbsp; &nbsp; &nbsp; SignatureFD首席投资官Tony Welch称：&ldquo;如果你看一下较长期国债收益率，尤其是10年期，你会发现收益率陷于4.1%-4.75%的一个相当狭窄的区间内。如果考虑到美联储政策的走向和可能走向，全球政策的走向和可能走向，以及通胀的走向和可能走向，国债的公允价值可能就在这个区间之内或附近。你实际上已经看到了国债市场良好的稳定性。&rdquo;  <br />\r\n<br />\r\n&nbsp; &nbsp; &nbsp; &nbsp; 10年期国债收益率周二下跌5.7个基点，至4.412%，创下一周来最大单日跌幅。与周二的标售情况截然不同，周一财政部标售了580亿美元三年期国债，分析师称表现疲软。  <br />\r\n<br />\r\n&nbsp; &nbsp; &nbsp; &nbsp; 但值得注意的是，美元指数延续了此前的涨势，突破105.00 关口，最高触及105.46，为5月14日以来新高。', '2024-05-08 11:21:17', 132, '', '/images/7_20240612080404728.png'),
(8, 1, 5, '沃尔沃XC90新能源大幅降价，智能豪华SUV再掀市场热潮', '<br />\r\n<div style="text-align: justify;">&nbsp; &nbsp; 近日，沃尔沃汽车官方宣布，旗下豪华新能源SUV车型XC90在全国范围内进行大幅降价促销活动，最低起售价格降至70.89万元，最高优惠额度高达18.6万元，为消费者提供了极具吸引力的购车选择。<br />\r\n<br />\r\n<p><strong>一、降价背景 </strong></p>\r\n<p>沃尔沃XC90作为沃尔沃品牌的旗舰SUV车型，以其卓越的性能、豪华的内饰和领先的安全技术，一直备受消费者关注。然而，随着新能源汽车市场的竞争加剧，沃尔沃汽车为了进一步提升市场竞争力，决定对XC90新能源车型进行降价促销。</p>\r\n<br />\r\n<p><strong>二、车型亮点</strong></p>\r\n<ul>\r\n    <li>外观设计：沃尔沃XC90新能源车型采用了品牌标志性的直瀑式进气格栅，搭配锐利的LED大灯和精致的镀铬装饰，展现出强烈的豪华感和现代感。车身线条流畅，整体风格简约而优雅，符合现代消费者的审美需求。</li>\r\n    <li>内饰配置：车内空间宽敞，座椅采用织物和真皮材质，主副驾驶座椅支持多项电动调节功能，为乘客提供舒适的乘坐体验。同时，车内配备了9英寸中控屏幕、多媒体系统、导航和电话的语音识别控制等智能科技配置，让驾驶更加便捷和智能。</li>\r\n    <li>动力性能：沃尔沃XC90新能源车型搭载了先进的混合动力系统，实现了强劲动力与节能环保的完美平衡。其纯电模式下可续航50公里，综合工况百公里油耗仅2.2升，为消费者提供了高效、环保的出行方式。</li>\r\n    <li>安全技术：沃尔沃XC90在安全性能方面一直走在行业前列。该车配备了自动紧急制动、车道保持辅助、盲点监测等多项主动安全技术，以及自动泊车和高级巡航控制系统等先进的驾驶辅助系统，让驾驶更加安全和轻松。</li>\r\n</ul>\r\n<br />\r\n<br />\r\n<p><strong>三、市场前景</strong></p>\r\n<p>&nbsp; &nbsp; 此次沃尔沃XC90新能源的大幅降价促销活动，无疑将进一步激发消费者的购车热情。随着新能源汽车市场的不断发展和消费者对环保、智能的出行需求日益增长，沃尔沃XC90新能源车型凭借其卓越的性能、豪华的内饰和领先的安全技术，有望在市场中占据更加重要的地位。同时，沃尔沃汽车也将继续加大在新能源汽车领域的投入和研发力度，为消费者带来更多高品质、高性能的新能源汽车产品。</p>\r\n能源汽车领域的投入和研发力度，为消费者带来更多高品质、高性能的新能源汽车产品。</div>\r\n<div id="gtx-trans" style="position: absolute; left: -26px; top: -21px;">\r\n<div class="gtx-trans-icon">&nbsp;</div>\r\n</div>', '2024-05-08 22:26:19', 158, '', '/images/8_20240607152354267.png'),
(10, 1, 2, '去年末增资1亿元的国联人寿拟再增资，今年前四个月亏逾3亿', '&nbsp; &nbsp; &nbsp; &nbsp; 去年末获批增资1亿元的国联人寿拟再度增资。  <br />\r\n<br />\r\n&nbsp; &nbsp; &nbsp; &nbsp; 6月11日，澎湃新闻注意到，一则国联人寿保险股份有限公司增资项目在上海联合产权交易所预披露。此次拟募集资金总额视征集情况而定，募集资金用途为增加注册资本，拓展寿险业务发展空间，有效提高偿付能力充足率，提升风险防御水平。  <br />\r\n<br />\r\n&nbsp; &nbsp; &nbsp; &nbsp; 国联人寿表示，本次增资扩股需履行国资批准程序后方可进行正式挂牌，项目信息以正式信息披露内容为准。  <br />\r\n<br />\r\n&nbsp; &nbsp; &nbsp; &nbsp; 其实，去年12月末，国家金融监督管理总局江苏监管局才批复核准，同意国联人寿注册资本从20亿元变更为21亿元。此次增资仅国联人寿第一大股东无锡市国联发展（集团）有限公司（下称国联集团）1家参与。此次增资后，国联集团的持股比例由此前的30%增至33.3333%。  <br />\r\n<br />\r\n&nbsp; &nbsp; &nbsp; &nbsp; 目前，国联人寿共有9家股东，其中国资股东占比达92.8571%，民营股东占比为7.1423%。该公司实际控制人为无锡市人民政府国有资产监督管理委员会。  <br />\r\n<br />\r\n&nbsp; &nbsp; &nbsp; &nbsp; 去年末的增资使得国联人寿的偿付能力有所提升，但从今年一季度末情况看，国联人寿核心偿付能力充足率和综合偿付能力充足率分别下降6.60%、5.06%，压力依然不小。国联人寿一季度偿付能力报告显示，该公司预计今年二季度末核心偿付能力充足率、综合偿付能力充足率分别降至68.06%、126.42%。  <br />\r\n<br />\r\n&nbsp; &nbsp; &nbsp; &nbsp; 在近两季度偿付能力报告中，国联人寿均表示，去年末增资1亿元获批后，后续引战增资工作正在稳步推进，以进一步强化资本管理，提升可资本化风险评价得分。  <br />\r\n<br />\r\n&nbsp; &nbsp; &nbsp; &nbsp; 就业绩而言，自国联人寿成立以来，该公司除了在成立首年（2015年）、2021年实现盈利之外，其他年份均为亏损。2015年至2023年，国联人寿分别实现净利润0.16亿元、-1.04亿元、-1.58亿元、-4.41亿元、-1.67亿元、-0.58亿元、0.02亿元、-1.39亿元、-2.3亿元，成立以来合计亏损12.78亿元。  <br />\r\n<br />\r\n&nbsp; &nbsp; &nbsp; &nbsp; 2024年一季度，国联人寿实现保险营业收入27.59亿元，实现净利润-2.02亿元。在此次预披露中，今年前四个月，国联人寿实现营业收入31.59亿元，净利润-3.09亿元。换而言之，今年4月，国联人寿单月亏损过亿元。  <br />\r\n<br />\r\n&nbsp; &nbsp; &nbsp; &nbsp; 值得注意的是，国联人寿也发生了重大人事变动，即总经理夏寒辞职。4月8日，国联人寿公告称，董事会近期收到夏寒的书面辞职报告，夏寒因个人原因申请辞去公司总经理职务。辞职后，夏寒在国联人寿及下属机构不再担任任何职务。与此同时，经国联人寿第四届董事会第二次会议审议通过，并向国家金融监督管理总局江苏监管局报备，由赵雪军担任公司临时负责人。  <br />\r\n<br />\r\n&nbsp; &nbsp; &nbsp; &nbsp; 赵雪军此前曾担任中融人寿副总经理。2023年2月，国联人寿便向原江苏银保监局报备赵雪军任副总经理的相关材料。据国联人寿披露，赵雪军自2023年6月起还兼任该公司江苏分公司总经理一职。不过，目前尚未有公开任职资格批复。  <br />\r\n<br />\r\n&nbsp; &nbsp; &nbsp; &nbsp; 国联人寿成立于2014年12月26日，是经原中国保险监督管理委员会批准成立的全国性寿险公司，公司总部位于江苏无锡。  <br />\r\n<br />\r\n&nbsp; &nbsp; &nbsp; &nbsp; 对于该公司今年的发展，国联人寿党委书记、董事长丁武斌在该公司2024新年寄语中直言，国联人寿仍处于规模积累阶段，逆境中紧咬&ldquo;一定速度&rdquo;不放松，个险标保、银保价值期交、经代规模保持双位数甚至三位数增长，同时更追求&ldquo;高质量发展&rdquo;。2024年，要围绕资本充实、渠道创新、机构提质、数字赋能、经营提升、成本压降，在新一轮行业重要转型和存量市场发展中争先进位，再创佳绩。', '2024-05-28 06:36:27', 126, '', '/images/10_20240612073531946.webp'),
(12, 1, 5, '雷暴在佛罗里达海岸释放生物光辉雷暴在佛罗里达海岸释放生物光辉', '佛罗里达州可可海滩（2024 年 6 月 11 日）--昨晚，雷暴和生物发光浮游生物共同创造了一个空灵的奇观，一个罕见的、令人敬畏的现象照亮了佛罗里达海岸。在可可海滩、卡纳维拉尔角和代托纳海滩的海滩游客们看到了从海浪拍打中发出的令人惊叹的蓝光，将海岸线变成了一副世外桃源的景象。\r\n\r\n<br/>\r\n<br/>\r\n\r\n这种生物发光是由一种叫做甲藻的微型生物引起的，是一种自然防御机制。当受到风暴引起的波浪作用的刺激时，这些微小的生物就会发出短暂的闪光。数以百万计的闪光与汹涌的海浪结合在一起，形成了令人着迷的景象，吸引了无数围观者。\r\n\r\n<br/>\r\n<br/>\r\n“来自芝加哥的游客莎拉-米勒（Sarah Miller）说：”这就像是电影里的场景。"我从未见过这样的景象。海浪拍打下来，发出明亮的蓝色光芒。太不可思议了。\r\n\r\n<br/>\r\n<br/>\r\n当地居民也对这场自然光秀感到惊讶。“可可海滩居民约翰-约翰逊说：”我在这里住了一辈子，从没见过这样的景象。“真是太美了”。\r\n\r\n<br/>\r\n<br/>\r\n这种生物发光现象比较罕见，目前还不清楚它会持续多久。不过，社交媒体上已经出现了大量有关这一现象的照片和视频，许多人称这是一次千载难逢的经历。\r\n\r\n<br/>\r\n<br/>\r\n佛罗里达理工学院的海洋生物学家艾米丽-琼斯（Emily Jones）博士解释说，发出生物荧光的浮游生物很可能是甲藻属的甲藻。这些生物在佛罗里达沿岸水域很常见，但它们通常只有在特定条件下（如风暴期间）才会大量发光。\r\n\r\n<br/>\r\n<br/>\r\n“琼斯博士说：”风暴造成的湍流很可能使甲藻受到刺激，引发了它们的生物发光反应。"这是一种自然防御机制，可能有助于威慑捕食者。\r\n\r\n<br/>\r\n<br/>\r\n生物发光显示对人类或海洋生物无害。事实上，它是生态系统健康的标志。产生这种光的甲藻是海洋食物网的重要组成部分。\r\n\r\n<br/>\r\n<br/>\r\n“琼斯博士说：”这是一种真正非凡的自然现象。"它提醒我们海洋的美丽与神奇。', '2024-05-29 14:47:32', 108, '', '/images/12_20240611125959549.jpg'),
(13, 1, 1, '“湘”聚中博会 开放合作“豫”发出彩', '湘江水畔共话中部崛起，岳麓山下&ldquo;链&rdquo;出合作强音。5月31日&mdash;6月2日，第十三届中国中部投资贸易博览会在湖南长沙举行。三天的时间里，河南搭乘中博会东风，全面展示枢纽经济实力，积极开展产业对接，达成一批优质签约项目，空陆网海&ldquo;四条丝路&rdquo;优势进一步彰显，对外合作空间不断扩大，成果丰硕，收获满满！  <br />\r\n<br />\r\n<img src="/news/userfiles/20240611_141322_6588.jpg" alt="" /><br />\r\n<br />\r\n<strong>开放成果引八方来客</strong>  <br />\r\n<br />\r\n步入湖南国际会展中心芒果馆，一件件展品、一张张图片、一段段文字，描绘出中部地区加快构建现代化产业体系的蓬勃局面。  <br />\r\n<br />\r\n&ldquo;看，那个头顶小天线、牛头造型的机器是什么呀？&rdquo;正对着中央展区入口的一台机器，吸引着入场者的目光。这是一款来自河南洛阳的&ldquo;5G+氢能源无人驾驶拖拉机&rdquo;，外形充满科技感，拥有隐形式不锈钢外壳和蘑菇头GPS天线，还有鲨鱼式的呼吸灯和毫米波雷达，炫酷的外形引得现场观众排队打卡。  <br />\r\n<br />\r\n不光长得好看，还实力超强。你能想象&ldquo;人在家中坐，机器地里忙&rdquo;的场景吗？据国家农机装备创新中心相关负责人介绍，这款拖拉机项目由国家农机装备创新中心牵头发起，清华大学、天津高端装备研究院、洛阳先进制造产业研发基地联合打造，利用移动5G远程控制，可以实时感知整车运行状态和周边作业环境，进行较为精确的工作。  <br />\r\n<br />\r\n充满科技范儿的&ldquo;河南元素&rdquo;不止于此。来自河南鹤壁的航天宏图&ldquo;中原一号&rdquo;雷达遥感卫星模型一经亮相，就备受青睐。&ldquo;我们每天获取的天气预报信息，就是通过风云系列卫星所观测的数据生成。运用卫星遥感技术可以监测全球环境、寻找自然资源、估算农业收成，并向用户发布这些消息，从而推动各个行业的智慧化转型。&rdquo;航天宏图工程师贵海龙说。  <br />\r\n<br />\r\n聚焦优势产业，展示&ldquo;出彩河南&rdquo;，是河南参加本届中博会的一大亮点。宇通客车的T7高档商务车，黄河旋风的金刚石单晶，中铁装备的&ldquo;高加索号&rdquo;单护盾模型，安图生物的检测试剂盒，中华老字号弘宝汝瓷的妇好^尊茶组，来自确山走向世界的手工提琴&hellip;&hellip;一件件展品，生动展现了河南产业结构不断优化，门类齐全、体系完备的发展态势。  <br />\r\n<br />\r\n据了解，河南共筛选了51家企业的100多件实物展品进行展示。围绕新型材料、新能源汽车、电子信息、先进装备、现代医药、现代食品、现代轻纺七个板块，重点展示了企业高精尖技术展品，彰显特色优势产业。此外，河南还组织了豫酒及老字号企业参展，杜康、宝丰、怀山堂等12家企业携优势展品在酒类食品展区与观众见面。  <br />\r\n<br />\r\n&ldquo;全世界八成以上的手工提琴，出自&lsquo;确山师傅&rsquo;之手。&rdquo;伴随着悠扬的小提琴曲《梁祝》，河南省确山县手工提琴制作协会秘书长蒋宝林兴奋地说，目前确山县小提琴年制作量36万支，出口量25万支，进口材料数量达46万套。第一次带着家乡的提琴来到中博会，希望让全国乃至全球领略确山传承上百年的手工技艺，感受提琴艺术之美。  <br />\r\n<br />\r\n豫枣红品牌创始人王连山有着相似的愿景：&ldquo;作为&lsquo;豫字号&rsquo;品牌企业，我们一直坚持走绿色、健康、更营养的发展道路。希望借助中博会的平台，让品牌走得更远！&rdquo;    <br />\r\n<br />\r\n<img src="/news/userfiles/20240611_141423_4597.jpg" alt="" /><br />\r\n<br />\r\n<strong>枢纽经济汇澎湃动力</strong>  <br />\r\n<br />\r\n京东集团、新加坡丰树集团、菜鸟集团等国内外物流巨头齐聚一堂，共谋发展；初步达成合作项目46个，总金额超400亿元&hellip;&hellip;第十三届中博会期间，由河南省人民政府主办的中部地区枢纽经济建设对接会收获满满。 <br />\r\n<br />\r\n&ldquo;诚邀各界朋友到河南参观考察、洽谈合作，共享枢纽经济发展机遇，共谱互利共赢华彩篇章！&rdquo;河南省委常委、副省长张敏在致辞中表示，依托中博会举办中部地区枢纽经济建设对接会，对于深化交流、凝聚共识、拓展枢纽经济领域合作具有重要意义。河南愿与各方一道，围绕综合交通枢纽建设和做大做强枢纽经济，深化多层次跨省协作，打通&ldquo;大动脉&rdquo;、畅通&ldquo;微循环&rdquo;，促进高水平互联互通，让人流、物流、信息流、资金流自由便捷流动、高效配置，为中部地区高质量发展打开广阔空间、聚集更多资源、作出更大贡献。河南将持续推动投资贸易便利化，全力打造市场化、法治化、国际化营商环境，为企业家在豫投资兴业、工作生活创造更好条件、提供更优服务。  <br />\r\n<br />\r\n中博会是实施中部崛起战略的有效载体，也是中部六省扩大合作交流的重要平台。对接会现场，郑州市温控供应链产业基地项目、开封市现代综合型商贸物流产业园、平顶山市智慧数字物流产业园、焦作市低碳数智物流枢纽、濮阳市盛禾云仓、三门峡市一帆智能冷链物流中心等一批项目完成签约。  <br />\r\n<br />\r\n&ldquo;我们签约的是周口临港木材分拨仓储物流中心项目，总投资3亿元人民币，主要依托水运优势，构建&lsquo;木材入豫&rsquo;新通道。&rdquo;青岛丰联投资有限公司董事长周原称。  <br />\r\n<br />\r\n据周口临港开发区管委会副主任于杰介绍，周口中心港是全国36个内河主要港口之一，也是河南第一大港。此次签约的项目占地100亩，建筑面积3万平方米。项目的实施，对完善周口港大宗货物运输种类、丰富临港物流产业链、加快周口港城建设具有积极意义。  <br />\r\n<br />\r\n九识（苏州）智能科技有限公司河南区负责人程楷洋也十分看好在河南的发展前景：&ldquo;河南地处中原，四通八达的天然地理优势，加上当地政府在金融等政策方面的大力扶持，让我们坚定了在这里投资的信心。&rdquo;  <br />\r\n<br />\r\n据程楷洋介绍，他们投资的安阳市自动驾驶货运网华北运营基地项目选址在河南林州的红旗渠经开区，总投资额28亿元。该项目将建立无人驾驶货物配送中心，并成立华北结算中心，建立无人驾驶车辆生产基地，率先在林州打造无人驾驶示范区。项目建成后，将助力林州市打造成为人工智能及自动驾驶核心区，有效降低企业物流成本，助力物流行业与企业降本增效。 <br />\r\n<br />\r\n&ldquo;此次签约的项目涉及枢纽经济、新材料、新能源汽车、电子信息、先进装备、现代食品等领域。&rdquo;河南省商务厅副厅长孙敬林表示，下一步，河南将聚焦&ldquo;建强大枢纽、发展大物流、集聚大产业&rdquo;，推动交通、物流、产业、城市融合发展，为加快现代化河南建设提供坚实支撑。    <br />\r\n<br />\r\n<img src="/news/userfiles/20240611_141914_8954.jpg" alt="" /><br />\r\n<br />\r\n<strong>联动协作让愿景成真</strong>  <br />\r\n<br />\r\n近年来，河南着力打造现代化立体交通网络体系。米字形高铁网全面建成，形成了覆盖全国4亿人口的&ldquo;2小时经济圈&rdquo;；中欧班列联通40多个国家140多个城市；郑州机场全货机航线覆盖全球主要经济体；周口中心港等6个现代化内河港口加快建设，通达全球的立体交通网络加快形成。 <br />\r\n<br />\r\n2023年，河南社会物流总额达18.7万亿元，稳居中部六省首位。在此背景下，如何进一步联动六省资源，构建更为稳定、安全、可控的国际供应链，全方位提升中部地区物流产业竞争力成为关键课题。 <br />\r\n<br />\r\n&ldquo;当前，河南正实施物流拉动打造枢纽经济优势行动，我们期待与各方携手，在提升交通优势、壮大枢纽偏好型产业、商文旅体展等领域精准合作。&rdquo;中部地区枢纽经济建设对接会上，河南省商务厅厅长王振利对枢纽经济重点合作方向进行了推介。  <br />\r\n<br />\r\n深化交通领域合作，共同打造具有全球聚合力的立体交通物流枢纽。河南正持续优化高速公路、高速铁路&ldquo;两高&rdquo;优势，促进航空、航运&ldquo;两航&rdquo;扩容发展，加快完善综合立体交通网络布局。期待更多社会资本参与枢纽经济承载平台项目建设。同时，河南正以降低社会物流成本为牵引，聚力打造现代物流产业高地和成本洼地，期待更多国内外知名综合物流服务商、现代供应链运营商来豫投资发展。 <br />\r\n<br />\r\n壮大枢纽偏好型产业，共同打造具有全国影响力的枢纽经济产业高地。河南统筹空港、陆港、水港、高铁等枢纽平台，系统谋划枢纽经济产业体系布局，以期培育形成电子信息、新能源汽车、新材料等10个以上千亿级枢纽偏好型产业集群，力争2025年全省枢纽偏好型产业规模突破2万亿元。 <br />\r\n<br />\r\n加快商文旅体融合发展，共同打造具有国际竞争力的消费目的地。河南将发挥各类交通枢纽的牵引力、内聚力和辐射力，因地制宜规划建设商业街区、城市综合体和重大服务业项目，提升城市地标商圈品质，营造&ldquo;沉浸式、体验式、互动式&rdquo;消费新场景。依托丰厚的历史文化资源，持续打造&ldquo;行走河南&middot;读懂中国&rdquo;品牌。推动城市商业会展、文博美术等展览发展，吸引国内外高水平体育赛事、高品质演出落地河南，提升健康、养老、教育、家政等服务消费质量。  <br />\r\n<br />\r\n和羹之美，在于合异。从河南到湖北，从安徽到江西，从山西到湖南，历经十三届的成功举办，中博会已成为推动中部崛起的重要平台。下一届中博会，河南将成为东道主。相信彼时的中部六省，整体实力与竞争力将得到进一步提升，将在中国式现代化建设中谱写出中部崛起新篇章。 <br />', '2024-05-29 14:48:45', 66, '', '/images/13_20240611141635237.jpg'),
(14, 1, 8, '以色列袭击巴勒斯坦加沙城一处住宅 多人伤亡', '&nbsp; &nbsp; &nbsp; &nbsp; 据卡塔尔半岛电视台11日报道，以色列袭击巴勒斯坦加沙城一处住宅，造成多人伤亡。\r\n<br />', '2024-05-29 14:49:36', 81, '', '/images/14_20240612062241282.webp'),
(15, 1, 5, '科学家用AI造出最强铁基超导磁体', '&nbsp; &nbsp; &nbsp; &nbsp; 科技日报北京6月11日电 （记者刘霞）英国和日本科学家利用人工智能（AI）技术，成功制造出世界上已知最强的铁基超导磁体。最新研究有望促进新一代磁共振成像（MRI）技术和未来电气化运输技术的发展。相关论文发表于最新一期《亚洲材料》杂志。 <br />\r\n<br />\r\n&nbsp; &nbsp; &nbsp; &nbsp; 超导磁体可在不需要大量电力的情况下提供强而稳定的磁场。目前此类磁体中使用的超导体主要是超导铌锡合金线这类大线圈。由于磁体需要适应线圈的大小，因而限制了其应用范围。在最新研究中，科学家借助机器学习技术，研制出一种廉价而强大的铁基超导磁体，这为降低该技术成本并扩大其应用范围奠定了基础。 <br />\r\n<br />\r\n&nbsp; &nbsp; &nbsp; &nbsp; 英国伦敦国王学院研究人员表示，他们使用BOXVIA机器学习系统，开发出了一个框架，能更快速地在实验室中设计出超导磁体。随后，他们通过改变制造过程中的热量和时间等与超导磁体性能有关的参数，对BOXVIA进行了训练，得出了超导磁体最优设计。通常，科学家需要数月才能创建出磁体并测试其特性，但新方法大大缩短了时间。另外，新方法开发出的超导磁体与不使用BOXVIA生产的超导磁体具有不同的结构，前者磁体中的铁基晶体更大。  <br />\r\n<br />\r\n&nbsp; &nbsp; &nbsp; &nbsp; 超导磁体不仅能用于MRI机器，对癌症进行成像，而且对电动飞机和核聚变至关重要。第一批铁基超导磁体于10多年前问世，但其产生的磁场不够强或不够稳定，无法广泛使用。而新的铁基超导磁体更容易使用，并为更小、更轻设备的研制打开了大门。  <br />\r\n<br />\r\n&nbsp; &nbsp; &nbsp; &nbsp; 研究人员强调称，MRI机器上的磁体产生的磁场强度和稳定性均需达到一定要求，才能确保患者的安全，并提供清晰的图像。最新超导磁体原型是首个满足这些要求的铁基大块超导体。此外，新型超导磁体也减少了MRI机器对大量超导导线的需求，科学家可以在此基础上创建更小的MRI，部署在全科医生办公室，从而扩大其使用范围。', '2024-05-29 14:56:26', 126, '', '/images/15_20240612070431703.jpg');
INSERT INTO `news` (`news_id`, `user_id`, `category_id`, `title`, `content`, `publish_time`, `clicked`, `attachment`, `thumbnail`) VALUES
(16, 1, 2, '茅台批价持续下跌，恐慌性抛售要来了？', '&nbsp; &nbsp; &nbsp; &nbsp; 端午&ldquo;小旺季&rdquo;前后，茅台酒批价不涨反跌，逼近部分中间渠道商囤货成本线。  <br />\r\n<br />\r\n&nbsp; &nbsp; &nbsp; &nbsp; 昨日是端午节后首个交易日，<span style="color: rgb(0, 0, 128);">贵州茅台</span>(<span style="color: rgb(255, 0, 0);">1571.680</span>, <span style="color: rgb(255, 0, 0);">2.68</span>, <span style="color: rgb(255, 0, 0);">0.17%</span>)（600519.SH）股价开盘后持续走跌，截至收盘股价下跌3.1%，市值蒸发超过600亿元。  <br />\r\n<br />\r\n&nbsp; &nbsp; &nbsp; &nbsp; &nbsp;对于昨日的股价波动，贵州茅台对以投资者身份咨询的财联社记者称，公司已注意到股价波动，目前生产经营正常。针对茅台酒市场批价持续下跌，公司称会&ldquo;实时关注&rdquo;，并表示近期销售情况正常。 <br />\r\n<br />\r\n&nbsp; &nbsp; &nbsp; &nbsp; 而从5月7日高点以来，贵州茅台股价已由约1777元/股，跌至目前的1569元/股，累计下跌超过10%。在股价下跌背后，谁在卖出贵州茅台？  <br />\r\n<br />\r\n&nbsp; &nbsp; &nbsp; &nbsp; 从北向资金视角看，5月23日，沪股通持有贵州茅台9246万股为近期高点，到6月7日，降至8952万股，减仓近300万股，减仓幅度超3%。昨日，北向资金继续净卖出贵州茅台26.77亿元。  <br />\r\n<br />\r\n&nbsp; &nbsp; &nbsp; &nbsp; 再看市场销售情况，茅台酒批价下跌被认为是贵州茅台昨日下跌的原因之一。华鑫证券内部跟踪数据显示，截至昨日，茅台酒（散瓶）53度/500ml批发参考价跌破2500元/瓶（该价位被部分茅台酒商视为重要的盈亏参考线），报2445元/瓶，较上一日下跌15元/瓶，较年初下跌约245元/瓶。  <br />\r\n<br />\r\n&nbsp; &nbsp; &nbsp; &nbsp; 按常理，端午节为我国四大传统节日，也属于白酒传统&ldquo;小旺季&rdquo;。而茅台批价却不涨反跌，并创下年内新低，这无疑会引发市场的担忧。&ldquo;最近茅台酒确实在掉价，货比较难卖。&rdquo;昨日，一位茅台酒中间商对财联社记者称，目前上一级批发商供货价在2445元/瓶左右，而其卖价为2500元/瓶。  <br />\r\n<br />\r\n&nbsp; &nbsp; &nbsp; &nbsp; 由于价格持续下跌，有的茅台酒商已暂停收购茅台所有产品，有的即使收价格也比较低。&ldquo;<span style="color: rgb(0, 0, 128);"><strong>我们已经暂时不收酒了。现在货比较多，价格也不太稳定。</strong></span>&rdquo;前述茅台酒中间商对财联社记者补充道。也有茅台酒的中间商表示，仍在回收茅台，但回收价只有2360元/瓶。  <br />\r\n<br />\r\n<img src="/news/userfiles/20240612_075619_5864.jpg" alt="" /><br />\r\n<div style="text-align: center;">（一家茅台经销商门店 财联社记者 朱万平摄）</div>\r\n<br />\r\n&nbsp; &nbsp; &nbsp; &nbsp; &nbsp; 相比于茅台中间商报价已低至2445元/瓶，目前部分线下烟酒店茅台酒报价依然高不少。&ldquo;今天茅台酒（散瓶）价格为2620元/瓶，与端午节前变化不大。&rdquo;成都一位烟酒店员工告诉财联社记者，不过今年以来茅台酒售价确实下降了好几百元，现在的价格确实较低。  <br />\r\n<br />\r\n&nbsp; &nbsp; &nbsp; &nbsp; 茅台酒还会继续跌吗？对此，茅台酒商们普遍表示：&ldquo;看不清楚&rdquo;、&ldquo;不好说&rdquo;。除了需求端的影响，另一个重要影响因子来自供应端。  <br />\r\n<br />\r\n&nbsp; &nbsp; &nbsp; &nbsp; 目前，部分省市茅台自营店已暂停&ldquo;企业客户申购1499元茅台酒&rdquo;，&ldquo;巽风酒&rdquo;数字藏品的合成行权也将在6月19日暂停（已合成且还未失效的数藏凭证不受影响）&mdash;&mdash;这两大举措，均被认为会对茅台酒供给端产生一定影响。  <br />\r\n<br />\r\n&nbsp; &nbsp; &nbsp; &nbsp; 不过，据外界观察，目前茅台针对市场并未出台&ldquo;立竿见影&rdquo;式的重大政策。在市场需求承压背景下，未来茅台酒批价走势仍不好判断。&ldquo;不排除可能会跌破2300元/瓶。&rdquo;有茅台中间渠道商对财联社记者称。  <br />\r\n<br />\r\n&nbsp; &nbsp; &nbsp; &nbsp; 而根据<span style="color: rgb(0, 0, 128);">天风证券</span>(<span style="color: rgb(51, 153, 102);">2.370</span>, <span style="color: rgb(51, 153, 102);">-0.02</span>, <span style="color: rgb(51, 153, 102);">-0.84%</span>)此前分析，渠道反馈，近几年茅台酒投资囤货成本在2300元-2400元/瓶，只要批价不低于上述囤货成本，便无需担心大规模抛货发生。若出现恐慌性抛售，茅台还有哪些手段可用么？  <br />\r\n<br />\r\n&nbsp; &nbsp; &nbsp; &nbsp; 对此，白酒行业营销专家肖竹青认为，届时，茅台或动员传统经销商出手，用真金白银买回低价茅台酒，拉升茅台酒市场成交价。&ldquo;茅台发展承载着各个方面的期望和压力。茅<span style="color: rgb(0, 0, 128);"><strong>台赢得起、输不起。</strong></span>有关方面启用张德芹担任茅台董事长，可能看重的就是张德芹具有茅台旧部和茅台酒老经销商的动员能力，关键时刻担当关键任务。&rdquo;肖竹青称。  <br />\r\n<br />\r\n&nbsp; &nbsp; &nbsp; &nbsp; 如今，茅台酒批价已跌至2445元/瓶，张德芹的关键时刻要来了吗？茅台能顶得住吗？  <br />\r\n<br />\r\n&nbsp; &nbsp; &nbsp; &nbsp; 值得一提的是，今年清明节前后，受茅台旗下&ldquo;巽风酒&rdquo;（属于茅台酒品类）放量传闻和消费需求因素影响，茅台酒批价一度也跌至2500元/瓶的低位。当时，贵州茅台一面澄清&ldquo;巽风酒&rdquo;计划量占茅台酒全年投放量比重小，预计不会对茅台酒价格体系产生重大影响；另一边，实施更灵活的产品投放策略，调整发货量和节奏。之后，茅台酒批价也一度回升至2650元/瓶左右。', '2024-05-30 01:46:31', 132, '', '/images/16_20240612075902386.jpg'),
(21, 1, 1, '旺季大考 看跨境包裹如何跑出“加速度”', '“黑五网一”（黑色星期五和网络星期一）海外购物狂欢早已预热启动，大力度的促销让处于经济逆风中的欧美消费者更多选择在此期间释放消费预算。伴随商家的销量大涨和爆单，跨境电商物流也迎来一场“效率与服务之战”。\r\n\r\n<br/>\r\n<br/>\r\n11月15日8时15分，广东省深圳市某跨境电商卖家发往法国的第一个“黑五”跨境电商快递已妥投。\r\n<br/>\r\n<br/>\r\n\r\n“从国内签入到海外妥投，仅用时1.9天。”该卖家表示，云途中法快递超预期的物流体验得到了海外客户的认可，更相应提升了转化率。\r\n\r\n<br/>\r\n<br/>\r\n据介绍，纵腾集团子品牌云途物流深圳航空跨境快件中心作为机场站内一线独立仓库，可实现当天揽货―当天处理―当天申报通关，相比前置仓，清关操作时效可提升24小时以上。云途物流还在深圳―巴黎航线一周六班高密度执飞的基础上，加大航空资源投入，并结合多样化的客户需求定制航线。\r\n\r\n<br/>\r\n<br/>\r\n云途物流深圳航空快件中心负责人告诉记者，不断升级的物流体验吸引了不少卖家在“黑五”大促期加码使用云途物流跨境电商快递服务。\r\n\r\n<br/>\r\n<br/>\r\n把“首单”送好还不算难，旺季整体时效表现才是服务能力和水平的真实反映。\r\n\r\n<br/>\r\n<br/>\r\n据了解，云途物流寮步枢纽中心今年“黑五”第一波的日均业务量超过40万件，是平时的1.5倍。\r\n\r\n<br/>\r\n<br/>\r\n为应对业务峰值挑战，寮步枢纽中心加大揽收班次投入，配备了超500名操作员，同时新增了近万平方米的仓库，使每日处理产能增加近30万票。同时，依托大型自动化分拣设备，寮步枢纽中心操作员只需把快件放上传输带，扫描仪即可自动进行数据识别，将快件传送到下一个环节的分拣主线和装车口，大幅提升了揽收分拣效率。\r\n\r\n<br/>\r\n<br/>\r\n据纵腾谷仓海外仓相关负责人介绍，从价格战到时效战，再到服务战，海外仓竞争的内在逻辑已经生变，谷仓海外仓将服务的精细化和定制化视为差异化竞争的重点。\r\n\r\n<br/>\r\n<br/>\r\n据统计，目前商家备货在纵腾海外仓的商品，欧美消费者最快2~3个工作日即可收到，部分地区甚至能实现当日达或次日达。云途欧美各国专线保持7~10个自然日95%妥投的时效水准，云途跨境电商快递也可稳定实现4~5个自然日95%的妥投。\r\n<br/>', '2024-06-02 05:18:32', 160, '', '/images/21_20240611142507840.webp'),
(24, 1, 2, '沸腾了！今天，A股久违一幕！苹果产业链爆发，果链“三剑客”立讯精密、蓝思科技、歌尔股份盘中集体大涨', '　　&nbsp; &nbsp; &nbsp; &nbsp; 果然，有时候逻辑是涨出来的。  <br />\r\n<br />\r\n&nbsp; &nbsp; &nbsp; &nbsp; 北京时间6月11日凌晨1点，WWDC 2024（2024苹果开发者大会）正式拉开帷幕，苹果股价却因此跳水，分析师认为，发布会缺乏重大惊喜，无法改变市场对于今年iPhone出货量的悲观看法。而隔夜苹果涨超7%，创历史新高，市值达到3.18万亿美元。市场又认为，苹果&ldquo;行了&rdquo;，手机和PC作为最直接的交互入口将在人工智能时代开启新的创新周期。  <br />\r\n<br />\r\n&nbsp; &nbsp; &nbsp; &nbsp; 今天上午，苹果产业链爆发，曾经的&ldquo;三剑客&rdquo;立讯精密(33.560, 1.78, 5.60%)、蓝思科技(15.610, 0.04, 0.26%)、歌尔股份(17.260, 0.39, 2.31%)盘中集体大涨，又回到市场主流视野。&ldquo;果链&rdquo;曾是A股市场科技领域持续时间最长、影响范围最大的投资主题之一，尤其是在2012年下半年至2015年年中走出一波大行情，孕育出不少十倍牛股。这次果链行情能否再演历史辉煌呢？  <br />\r\n<br />\r\n&nbsp; &nbsp; &nbsp; &nbsp; 另外，受利好传闻影响，CRO板块盘中爆发，持续拉升，药明康德(45.530, 3.07, 7.23%)上涨5.77%。  <br />\r\n<br />\r\n<img src="/news/userfiles/20240612_063016_5656.png" alt="" /><br />\r\n<br />\r\n&nbsp; &nbsp; &nbsp; &nbsp; 截至上午收盘，上证指数下跌0.02%，深证成指上涨0.12%，创业板指下跌0.19%。  <br />\r\n<br />\r\n<img src="/news/userfiles/20240612_063047_5534.png" alt="" /><br />\r\n<br />\r\n&nbsp; &nbsp; &nbsp; &nbsp;<strong> 果链沸腾</strong>  <br />\r\n<br />\r\n&nbsp; &nbsp; &nbsp; &nbsp; 今天上午，果链大涨，智信精密(52.070, 8.68, 20.00%)、杰美特(16.920, 2.82, 20.00%)迎来&ldquo;20CM&rdquo;涨停。   <br />\r\n<br />\r\n<img src="/news/userfiles/20240612_063128_1694.png" alt="" /><br />\r\n<br />\r\n&nbsp; &nbsp; &nbsp; &nbsp; 在WWDC 2024上，苹果推出个人智能化系统Apple Intelligence，为iPhone、iPad和Mac引入强大的生成式模型。据苹果官方介绍，Apple Intelligence是一种新的个人智能系统，其基于苹果内置的生成式大模型，并且深度集成到iPhone、iPad和Mac等终端的各种原生应用中，如相机、照片、备忘录、语音备忘录、提醒事项、邮件、Safari、Keynote等。此外，苹果还推出书写工具Writing Tools和图片工具Image Playground。智能助手Siri通过集成Apple Intelligence实现大升级，能为用户提供更加自然和个性化的支持。另外，苹果与OpenAI达成合作，苹果将ChatGPT整合至iOS18、iPadOS18和macOS Sequoia的操作体验中。 <br />\r\n<br />\r\n<strong>　　&nbsp; &nbsp; &nbsp; &nbsp; 隔夜苹果为何能够大涨？</strong>  <br />\r\n<br />\r\n&nbsp; &nbsp; &nbsp; &nbsp; 分析人士表示，首先，苹果此次更新虽难以让安卓客户换机，但市场解读为，这将推动苹果用户换机。苹果添加了一直以来安卓就有的功能，比如自定义App图标、锁定或隐藏App、游戏模式、通话录音等等。此类应用对于安卓客户见怪不怪，但事实上完善了苹果内部生态体系，如通过录音并转录的功能实际上解决了部分苹果忠实用户的痛点需求，且此类功能只在iPhone 15 pro/max以及iPhone 16以后系列手机搭载，市场认为利好苹果用户换机。其次，苹果手机可以通过Siri免费调用ChatGPT-4o。这意味着不管用户是否选择使用ChatGPT-4o，苹果都在售卖硬件时一次性收费。虽然这会引发手机品牌商、芯片厂商、软件厂商、消费者的四方博弈，但短期有利于普及手机端AI。  <br />\r\n<br />\r\n<strong>　　&nbsp; &nbsp; &nbsp; &nbsp; 带来哪些机会？</strong>  <br />\r\n<br />\r\n&nbsp; &nbsp; &nbsp; &nbsp; 招商证券(14.050, -0.03, -0.21%)表示，苹果具有极强的软硬件产品定义以及应用场景的创造优化能力，移动端AI化趋势依旧需要紧跟苹果的步伐。预计iPhone、苹果智能穿戴和XR硬件在2025年-2026年又将迎来创新大年，看好苹果AI时代端侧创新推动产业链迎新一轮发展机遇。苹果AI仅从iPhone15 Pro系列开始支持，有望推动老用户换机潮，带来国内苹果链业绩和估值向上弹性。  <br />\r\n<br />\r\n&nbsp; &nbsp; &nbsp; &nbsp; 民生证券看好AI应用端的机会。其表示，苹果推出个人智能化系统Apple Intelligence，并深度集成到终端产品的应用生态当中，也为其他生态应用未来的配适终端指引研发思路，苹果个人智能化系统也将赋能生态应用开发，推动AI应用创新，以及现有应用的革新。建议关注深度布局AI应用的相关公司。  <br />\r\n<br />\r\n<strong>　　&nbsp; &nbsp; &nbsp; &nbsp; 再现大肉签</strong>  <br />\r\n<br />\r\n&nbsp; &nbsp; &nbsp; &nbsp; 继上周的利安科技(89.390, -6.41, -6.69%)后，A股再度迎来大肉签。  <br />\r\n<br />\r\n&nbsp; &nbsp; &nbsp; &nbsp; 今天上午，N达梦（达梦数据(239.000, 152.04, 174.84%)）上涨187.49%，盘中最高冲至313.33元，较发行价86.96元，一签最多可赚113185元。   <br />\r\n<br />\r\n<img src="/news/userfiles/20240612_063231_7058.png" alt="" /><br />\r\n<br />\r\n&nbsp; &nbsp; &nbsp; &nbsp; 资料显示，达梦数据专业从事各类数据库软件及集群软件、云计算与大数据产品等一系列数据库产品及相关技术服务。经过多年的技术积累与创新，达梦数据已经发展成为国内数据库行业的领军企业。', '2024-06-02 09:05:32', 54, '', '/images/24_20240612063357612.webp'),
(25, 1, 5, '太空飞行如何影响宇航员健康? 最新“空间组学和医学图谱”揭秘', '&nbsp; &nbsp; &nbsp; &nbsp; 中新网北京6月12日电 (记者 孙自法)太空飞行如何影响宇航员健康？随着人类开展空间活动越来越多而广受关注。  <br />\r\n<br />\r\n&nbsp; &nbsp; &nbsp; &nbsp; 施普林格&middot;自然旗下&ldquo;自然系列&rdquo;若干期刊最新发表关于宇宙飞行如何影响人类生物学的&ldquo;空间组学和医学图谱&rdquo;(SOMA)系列论文，成为目前最大的航空航天医学和空间生物学资料汇编。    <br />\r\n<br />\r\n&nbsp; &nbsp; &nbsp; &nbsp; 该系列论文包括收集分析的样本来自包括SpaceX灵感4号的首次全平民飞行任务，以及在国际空间站度过180天或一年的宇航员，为空间飞行的健康影响提供了长期的视角。  <br />\r\n<br />\r\n&nbsp; &nbsp; &nbsp; &nbsp; 据介绍，人们已知太空飞行会引发宇航员分子、细胞和生理变化，给人体带来各种生物医学挑战。随着越来越多的人探索太空，了解与太空暴露有关的健康风险对于准备长时间的、月球甚至可能的火星任务十分重要。但当前的航天医学框架滞后于地球上的精准医疗进步，这凸显出快速发展太空医学数据库、工具和方案的必要。  <br />\r\n<br />\r\n&nbsp; &nbsp; &nbsp; &nbsp; 最新发表的SOMA合集包括多个不同任务的数据，包括SpaceX的灵感4号、北极星黎明、公理任务、NASA双胞胎任务和日本宇宙航空研究开发机构(JAXA)的任务。  <br />\r\n<br />\r\n<img src="/news/userfiles/20240612_065818_3889.jpg" alt="" /><br />\r\n<br />\r\n<div style="text-align: center;"><cite>　　&nbsp; &nbsp; &nbsp; &nbsp; 零重力飞机中的失重体验(图片来自灵感4号机组，John　Kraus)。施普林格&middot;自然/供图</cite></div>\r\n<br />\r\n&nbsp; &nbsp; &nbsp; &nbsp; 在《自然》发表的一篇旗舰论文中，研究团队给出SOMA资源的详细指南。他们发现，灵感4号任务进行的短期低地轨道太空飞行带来广泛的分子变化，其中一些与长期飞行的效果一致。这些变化包括细胞因子水平升高、端粒延长，以及免疫激活、DNA受损反应和氧化应激的基因表达改变。虽然超过95%的标志物在任务结束几个月里恢复到基线水平，但有些蛋白质、基因和细胞因子似乎在飞行后的恢复期仍处激活状态，至少持续到飞行后3个月。  <br />\r\n<br />\r\n&nbsp; &nbsp; &nbsp; &nbsp; 在另一篇《自然》论文中，研究团队介绍说，灵感4号数据显示，4名平民宇航员在地球上空590公里飞行了3天，其位置高于国际空间站(在位于地球上空370-460公里轨道运行)，这项任务采用了新的太空飞行硬件和诊断设备。他们研究的数据描述了人体在解剖学、细胞、生理和认知层面适应宇宙飞行的最初阶段，发现短期任务没有给机组人员带来重大健康风险。  <br />\r\n<br />\r\n&nbsp; &nbsp; &nbsp; &nbsp; 在一篇《自然-通讯》论文中，作者团队研究了空间飞行对灵感4号任务平民宇航员免疫系统的影响，并与64名其他宇航员的情形作比较，提供了免疫系统和微生物组对太空飞行反应的高分辨率图谱。   <br />\r\n<br />\r\n<img src="/news/userfiles/20240612_065852_9960.jpg" alt="" /><br />\r\n<div style="text-align: center;">　　&nbsp; &nbsp; &nbsp; <br />\r\n&nbsp; <cite>本次研究的灵感4号任务发射(图片来自灵感4号机组，John　Kraus)。施普林格&middot;自然/供图</cite></div>\r\n<br />\r\n&nbsp; &nbsp; &nbsp; &nbsp; 他们发现，不同任务中的免疫系统干扰既有共性也有差异，为未来的任务提供了单细胞层面的免疫参考，包括基因表达、染色质可及性和转录因子基序可及性的变化。特定细胞类型对太空飞行的响应不同，CD14和CD16单核细胞展现出染色质可及性和基因表达的变化最大。他们还报告说，女性在基因表达变化和染色质状态上回归基线的速度更快。而且他们发现纤维蛋白原和IL-8也会受到性别特异性影响，这表明凝血和免疫系统调控对未来宇航员精准医疗研究非常重要。  <br />\r\n<br />\r\n&nbsp; &nbsp; &nbsp; &nbsp; SOMA系列论文还探索了表观基因组学和转录组学(及表观转录组)的变化、宇航员和航天器的微生物组动力学、分泌组与外泌体的蛋白质组和代谢变化、线粒体响应、伦理考虑、减轻太空环境对身体损害的对策，以及对新任务的提议。  <br />\r\n<br />\r\n&nbsp; &nbsp; &nbsp; &nbsp; 论文作者总结认为，充分利用SOMA数据组、工具和资源或有助于加速精准太空医学发展，改进健康监测和风险缓和，并为未来的月球、火星和其他太空任务提供基线数据。', '2024-06-02 20:44:29', 108, '', '/images/25_20240612070039784.jpg'),
(26, 1, 8, '“一带一路”上，中企描绘“走出去”增长曲线', '商务部发布的数据显示，今年前10个月中国企业在&ldquo;一带一路&rdquo;共建国家非金融类直接投资1816.9亿元，同比增长27%。  <br />\r\n<br />\r\n受访专家表示，中国与&ldquo;一带一路&rdquo;共建国家在政策沟通上不断深入拓展，促进中国对&ldquo;一带一路&rdquo;共建国家投资快速增长。未来中企要实现对外投资的持续性，不仅应更加注重防范各类安全风险，还应在吸引并培养国际化人才、全过程合规与后期运营质保，以及加强国际传播能力等方面下功夫。  <br />\r\n<br />\r\n<strong>中企对外投资热情高涨</strong>  <br />\r\n<br />\r\n10月12日，由山西建投国际投资有限公司参与投资、山西建投安装集团承接建设的孟加拉国科克斯巴扎尔风电项目正式投产。这是孟加拉国第一个集中式风电项目。  <br />\r\n<br />\r\n山西建投安装集团相关负责人表示，项目建成后，每年将为孟加拉国提供约为1.45亿千瓦时的清洁电力，实现节能减排和环保效益。该项目将带动当地就业、促进当地相关产业发展，对拉动地方经济发展起到积极作用。  <br />\r\n<br />\r\n10月28日，由中国交建总承包的孟加拉国国父隧道正式通车。自此，跨越卡纳普里河车程由原来的3小时缩短为20分钟，高度加速孟加拉国第一大港口吉大港&ldquo;一城两镇&rdquo;战略的实施，助力吉大港成为孟加拉国经济首都。  <br />\r\n<br />\r\n记者注意到，11月份以来，中企对外投资捷报频传&mdash;&mdash;11月15日，山东高速路桥国际工程有限公司南苏丹分公司中标乌干达纳马谷巴-布达帝里-纳鲁谷谷道路升级项目；中国港湾工程有限责任公司中标巴新西部高地省芒特哈根城区道路升级改造项目；中国电建和中非装备与公共工程部签署中非博萨朗巴至姆拜基公路项目合同&hellip;&hellip;  <br />\r\n<br />\r\n项目的接踵落地，彰显中企海外投资的日益走深。数据显示，前10个月中国企业在&ldquo;一带一路&rdquo;共建国家承包工程完成营业额7023.2亿元，同比增长9.6%；新签合同额9026.4亿元，同比增长0.5%。  <br />\r\n<br />\r\n谈及中企对&ldquo;一带一路&rdquo;共建国家日益高涨的投资热情，对外经济贸易大学国际经济贸易学院国际贸易学系主任、数字贸易实验室项目负责人荆然对国际商报记者表示，这与共建&ldquo;一带一路&rdquo;不断走深走实有着密不可分的关系。中国与&ldquo;一带一路&rdquo;共建国家在政策沟通上不断深入拓展，截至2023年9月，中国已与150多个国家和30多个国际组织在贸易投资、金融合作、民生交流等多个领域签署230余份共建&ldquo;一带一路&rdquo;合作文件，形成了3000多个合作项目。这既可以直接提升中国承包工程的营业额，也有助于中国企业在海外获得更加有利的经营环境。 <br />\r\n<br />\r\n&ldquo;这在当前&lsquo;逆全球化&rsquo;涌动、保护主义抬头、地缘政治冲突持续加剧的情况下，有着尤为重要的现实意义。&rdquo;荆然说。  <br />\r\n<br />\r\n荆然进一步表示，共建&ldquo;一带一路&rdquo;倡议提出十年来，设施联通初具规模，贸易畅通更加便捷，资金融通不断完善，民心相通基础更加稳固，这些因素共同促进中国对&ldquo;一带一路&rdquo;共建国家投资快速增长。此外，随着中国企业在欧美市场所面临的政策不确定性的增加，拓展在&ldquo;一带一路&rdquo;共建国家的投资机会也是广大中企适应当前市场环境的必然选择。 <br />\r\n<br />\r\n<strong>&ldquo;走出去&rdquo;要把握&ldquo;三个注重&rdquo;</strong>  <br />\r\n<br />\r\n当前，世界经济面临较大下行压力，全球跨境投资动能不足。接下来，中国企业对&ldquo;一带一路&rdquo;共建国家投资将呈怎样的趋势？  <br />\r\n<br />\r\n荆然表示，总体来看持乐观态度。首先，各国经济正逐渐从疫情的不利影响中走出来。其次，在所谓&ldquo;公平议题&rdquo;不断被强化、&ldquo;发展议题&rdquo;被弱化的今天，共建&ldquo;一带一路&rdquo;倡议顺应了广大发展中国家，特别是产业基础较为薄弱的发展中国家参与国际生产分工体系的发展诉求。最后，高质量共建&ldquo;一带一路&rdquo;已成为深受国际社会欢迎的公共产品和合作平台。  <br />\r\n<br />\r\n&ldquo;走出去&rdquo;对外投资是中国企业拓展国际市场、获取优势资源的重要手段。面对广阔的国外投资机遇，中国社科院世界经济与政治研究所助理研究员陈兆源建议企业进一步提升对外投资的可持续性。  <br />\r\n<br />\r\n具体来看，一是更加注重吸引并培养国际化人才。企业应加大国际化人才引进力度，并建立体系化的国际化人才培养机制。二是更加注重全过程合规与后期运营质保。企业应建立健全投资项目全生命周期的合规风险管控机制，遵守东道国当地法规，并提高后期运营管理水平。三是更加注重增强国际传播能力。企业应提升国际化宣传沟通和公共关系能力，建立相适应的信息传播机制，宣介对外投资合作项目在当地的经济和社会成效。  <br />\r\n<br />\r\n荆然强调，当前，由于地缘政治冲突持续加剧、国际融资成本随美元加息居高不下、国外居民总体需求疲软等，中国企业在从事海外投资时需要高度关注投资目的国和所在行业的风险，不同行业或国家不可一概而论，即便是在总体经济下行的时候，也可能蕴藏着不少商机；同时要格外关注当地的政治局势，特别是投资目的国可能换届政府的执政理念。此外，应广泛调研目的国在与中国或其他国家的经贸交往中曾经发生的商业案例，做好应对预案。 <br />', '2024-06-02 20:46:37', 99, '', '/images/26_20240611145759988.webp'),
(27, 1, 8, '泰国有望成为东南亚首个“金砖”成员', '近期，泰国内阁会议批准了外交部提交的关于加入“金砖”国家意向书草案。自2023年初，泰国就已开始其申请加入“金砖”国家合作机制的历程。此次泰国内阁会议对于意向书草案的批准，意味着泰国正逐步走向加入“金砖”的最后阶段，同时也是泰国发展对外经济贸易、开展多边务实合作的关键举措。\r\n\r\n<br/>\r\n<br/>\r\n开拓发展机遇是泰国申请“金砖”的关键动力。泰国作为出口导向型经济体，在大力发展旅游业的同时，充分发挥其劳动力、基础设施以及自然地域条件等相对优势，积极开展对外制造业、农产品出口贸易。据统计数据显示，泰国出口贸易收入占国内生产总值约65％，其中制造品占总出口商品86％。近年来，在复杂的国际大环境下，泰国积极推进多边务实合作，泰国同以“金砖”国家为代表发展中国家的经贸关系日益密切。据统计，在泰国的对外贸易总额中，“金砖”国家占比约为22.8%。其中，泰国向中国出口贸易额在泰国出口贸易总值中的占比达到12%（高于日本、美国的10%）。因此，泰国积极申请加入“金砖”国家合作机制，旨在开拓对外贸易合作渠道，寻求更多高质量、互利共赢的贸易合作伙伴，以促进其出口外向型经济稳定运行，为经济发展创造更多机遇。\r\n\r\n<br/>\r\n<br/>\r\n多边务实合作实践是“金砖”吸引泰国的魅力所在。“金砖”国家合作机制自2009年正式启动以来，多边合作影响逐步扩大，合作模式持续深化拓展，合作成果不断涌现。今年初“金砖”国家的再度扩员，进一步增强“金砖”国家的代表性，更能彰显发展中国家的集体利益。如今“金砖”国家具有较强的经济影响力与发展实力。据统计，自今年“金砖”国家扩容后，“金砖”成员国总人口约占世界的45%，国土面积占世界领土总面积将提升至33%左右，经济总量约占全球的31.5%。其中在令人关注的能源领域，海湾地区的沙特、伊朗、阿联酋，北非的埃及以及“金砖”创始国俄罗斯拥有丰富的石油资源，掌握着世界市场约44%的原油产能，使得“金砖”国家整体在全球能源出口占比将接近50%。在开放包容、合作共赢的“金砖”精神引领下，各成员国以平等互利作为重要合作原则，充分挖掘自身经济发展相对优势，逐步构建“金砖”国家内部相对完整的产业链、供应链体系，以推动实现“金砖”各成员国携手共同发展。“金砖”国家积极开展科技、卫生、金融等多领域合作，参与多项发展中国家基础设施项目建设，为广大新兴经济体和发展中国家搭建发展合作平台，逐步成为世界经济复苏增长的引擎动力。“金砖”国家致力于改善全球治理体系，在开放包容原则的基础上为发展中国家寻求公平正义，助力提升发展中国家在国际社会中的话语权与影响力，从而为全球南方多边经济交流合作营造良好稳定的发展环境。因此，加入“金砖”合作机制，对于泰国而言在经济发展、多领域交流合作、国际地位与影响力提升等方面，都将具有积极意义。\r\n\r\n<br/>\r\n<br/>\r\n泰国作出申请加入“金砖”国家的决定，既有对于其自身出口型经济发展前景的考虑，也有对“金砖”国家多边合作机制的认可与肯定。此次泰国内阁批准意向书草案，意味着泰国将成为第一个申请加入“金砖”国家的东南亚国家。而作为东盟成员国、创始国以及东盟内部第二大经济体，泰国此次加入“金砖”举措将会对东南亚地区其他国家起到正面积极的示范作用。\r\n<br/>', '2024-06-02 21:00:54', 126, '', '/images/27_20240611145415776.jpg'),
(36, 1, 8, '日本海上自卫队两直升机坠毁事故已致8人死亡', '&nbsp; &nbsp; &nbsp; &nbsp; 当地时间6月11日，日本防卫大臣木原稔表示，此前在伊豆群岛的鸟岛附近海域坠毁的两架日本海上自卫队SH-60K直升机中，7名下落不明的海上自卫队队员已被判定死亡。至此，本次事故已造成8人死亡。  <br />\r\n<br />\r\n&nbsp; &nbsp; &nbsp; &nbsp; △SH-60K&ldquo;海鹰&rdquo;直升机（资料图）△SH-60K&ldquo;海鹰&rdquo;直升机（资料图）  <br />\r\n<br />\r\n&nbsp; &nbsp; &nbsp; &nbsp; 当地时间4月20日22时30分左右，两架日本海上自卫队SH-60K直升机在伊豆群岛的鸟岛附近失联。经调查，判定两架直升机已坠毁，坠毁原因为两机相撞，两架直升机机体本身未发现异常。  <br />\r\n<br />\r\n&nbsp; &nbsp; &nbsp; &nbsp; 据悉，两机共载有8名海上自卫队队员。日本防卫大臣21日称，事故已造成1人死亡。（总台记者 林博翰）', '2024-06-02 22:07:15', 167, '', '/images/36_20240612061726834.jpg'),
(38, 1, 7, '北京警方通报3号线地铁施工坍塌事故：4人被刑拘', '&nbsp; &nbsp; &nbsp; &nbsp; #北京警方通报3号线地铁施工坍塌事故#[#北京地铁施工坍塌事故4人被刑拘#]此前，北京公布一起地铁电力改移工程施工现场发生的坍塌事故。6月11日，记者从北京公交警方获悉，4名事故相关责任人近日已被刑拘。  <br />\r\n<br />\r\n&nbsp; &nbsp; &nbsp; &nbsp; 5月中旬，《朝阳三里屯北京星远福源电力设备安装有限公司&ldquo;1&middot;18&rdquo;一般坍塌事故调查报告》公布。报告指出，2024年1月18日，北京地铁3号线一标工体北路电力改移工程施工现场发生一起坍塌事故，1名工人因沙土掩埋致机械性窒息死亡。调查组认定，该起事故是一起因施工人员违章作业，事发单位安全管理不力造成的生产安全责任事故。  <br />\r\n<br />\r\n&nbsp; &nbsp; &nbsp; &nbsp; 此外，北京星远福源电力设备安装有限公司（专业分包单位）及北京隆祥鸿泰建设工程有限公司（劳务分包单位），对事故发生负有主要管理责任，被建议给予行政处罚。 <br />\r\n<br />\r\n&nbsp; &nbsp; &nbsp; &nbsp; 4人被建议移送司法机关处理。调查组指出，隆祥公司施工现场负责人王某才、隆祥公司主要负责人李某虎、星远公司项目经理陈某友、星远公司副总经理何某新等4人，对事故发生负有管理责任。  <br />\r\n<br />\r\n&nbsp; &nbsp; &nbsp; &nbsp; 记者从北京公交警方获悉，近日，李某虎、陈某友、何某新、王某才四人已被刑拘，目前案件正在进一步办理中。（@北京晚报 记者 徐慧瑶）<br />\r\n<img src="/news/userfiles/20240612_074013_1224.jpg" alt="" /> <br type="_moz" />', '2024-06-03 02:07:06', 90, '', '/images/38_20240612074420406.jpg'),
(39, 1, 8, '纽瑟姆支持率骤降后，加州争相将犯罪问题从选票中剔除', '加州州长加文-纽森（Gavin Newsom）的支持率在最近的民意调查中大幅下滑，加州面临着一场政治大变局。导致支持率下降的一个关键因素是什么？一项拟议中的投票提案将推翻第 47 号提案，该提案是 2014 年一项有争议的法律，旨在减轻对某些非暴力财产犯罪的处罚。  <br />\r\n<br />\r\n纽森最初表示支持反47号提案，但现在他发现自己的处境岌岌可危。该提案得到了执法部门和商业团体的支持，在加州人努力应对洛杉矶和旧金山等大城市不断上升的犯罪率的同时，也获得了巨大的吸引力。 <br />\r\n<br />\r\n然而，州长所在的民主党党团以及刑事司法改革倡导者却强烈反对这一倡议。他们认为这是一种倒退，会过度针对少数族裔和低收入社区，使已经面临人满为患问题的监狱系统更加紧张。 <br />\r\n<br />\r\n纽森立场的突然转变是在一系列幕后谈判的背景下发生的。据报道，州长与 47 号提案的反对者和支持者都进行了会晤，竭力试图找到一个折中方案，既能安抚双方，又能挽救他日益减少的政治资本。一种潜在的解决方案正在获得关注，其中包括一种缩减规模的方法。这种折中方案的重点是只加重对某些 47 号提案涵盖罪行的惯犯的处罚，而对初犯则保持原有的量刑准则不变。 <br />\r\n<br />\r\n&ldquo;纽森在最近的一次新闻发布会上说：&rdquo;加州人对犯罪的担忧是理所当然的。&quot;但我们不能放弃在刑事司法改革方面已经取得的进展。我们需要找到一个常识性的解决方案，既能解决公共安全问题，又不退回到过去的政策。预计加州民主党将在即将召开的州大会上就反47号提案正式表态。纽森能否穿针引线，安抚问题双方，还有待观察。但有一点可以肯定：围绕加州犯罪和惩罚问题的政治考量已经发生了巨大变化，这让州长不得不在政治上走复杂的钢丝。 <br />', '2024-06-03 02:07:15', 54, '', '/images/39_20240611131013311.png'),
(40, 1, 8, '微纪录片|童年血泪――起底美国奴役移民童工黑幕', '&nbsp; &nbsp; &nbsp; &nbsp; 6月12日是&ldquo;世界无童工日&rdquo;。你可能无法想象，移民童工问题竟然是美国这个全球最大经济体的痼疾。时至今日，资本依旧残酷压榨着移民儿童，美国政府对此非但不作为，甚至还推波助澜。  <br />\r\n<br />\r\n&nbsp; &nbsp; &nbsp; &nbsp; &ldquo;美国政府事实上已经成为大规模拐卖儿童活动的中间人，涉及金额数以十亿美元计。&rdquo;孩子们不仅没有实现&ldquo;美国梦&rdquo;，反而陷入现代奴隶制。  <br />\r\n<br />\r\n&nbsp; &nbsp; &nbsp; &nbsp; 联合国193个会员国中，美国是唯一没有批准《儿童权利公约》的国家。动辄在人权问题上大做文章指责他国的美国，为何会如此&ldquo;灯下黑&rdquo;？&ldquo;人权灯塔&rdquo;就是这样&ldquo;保护儿童&rdquo;的？戳视频，一起来看！', '2024-06-03 04:04:32', 66, '', '/images/40_20240612072524336.jpg'),
(44, 1, 1, '王文涛部长调研奇瑞埃布罗合资工厂', '6月2日，商务部部长王文涛在西班牙巴塞罗那调研奇瑞埃布罗合资工厂。中国驻西班牙大使姚敬参加调研。  <br />\r\n<br />\r\n王文涛表示，中西两国建立了新时期全面战略伙伴关系，元首外交的战略引领和西班牙政府对华开放务实友好的政策为两国企业开展投资贸易活动提供了良好的营商环境。奇瑞与埃布罗开展合作是中国汽车企业开拓欧洲市场、实现本地化生产的一次积极尝试，也是中国企业首次与西欧发达国家签署汽车本地化生产协议。希望奇瑞与西方合作伙伴加强沟通协调，保持紧密合作，推动项目早日投产下线，为拉动当地经济、就业和深化中欧产业合作作出积极贡献。   <br />\r\n<br />\r\n<img src="/news/userfiles/20240611_140814_9550.jpg" alt="" /><br />\r\n<br />\r\n对于企业反映的欧盟对中国电动汽车发起反补贴调查影响中国汽车企业对欧合作问题，王文涛指出，中欧之间既有竞争，更有合作，在良性竞争中扩大合作、实现共赢，这才是正确的相处之道。希望欧方摒弃保护主义，回到对话合作的正确道路上来。希望双方企业克服困难，将项目打造成中西乃至中欧经贸合作的重要项目，成为中国汽车企业对外开展合作、实现产业链深度融合的典范。', '2024-06-03 10:25:46', 66, '', '/images/44_20240611140900997.jpg'),
(46, 1, 6, '学生食堂被投诉迎检期间才改善伙食 教体局称未发现这种现象', '&nbsp; &nbsp; &nbsp; &nbsp; &ldquo;学校食堂难吃、菜少，且吃饭时间严重不足。有领导来检查的时候食堂饭菜会稍微好点。&rdquo;针对网民投诉，近日，四川省梓潼县教育和体育局（简称&ldquo;教体局&rdquo;）回复称，尚未发现该校食堂存在网民所投诉现象。且去年11月开始，学校就已经提高了学生就餐质量。  <br />\r\n<br />\r\n&nbsp; &nbsp; &nbsp; &nbsp; 6月10日，澎湃新闻从四川新闻网麻辣社区获悉，网民还对该校强行打开学生行李箱、翻看学生书包的行为进行投诉，称学校这些做法侵犯了学生隐私，违反《中华人民共和国民法典》相关法律规定。不过，梓潼县教体局表示，这属于学校正常教育教学管理工作，符合《中等职业学校学生守则》的明文规定，并不违法。  <br />\r\n<br />\r\n&nbsp; &nbsp; &nbsp; &nbsp; 　5月31日，这位网民在社区论坛发帖称，梓潼县七一高级职业中学校，因近期有县上市上的领导前往检查，无论是请假生还是通校生，进校之前都强迫学生打开书包、行李箱检查之后才能进校。这位网民称，根据《中华人民共和国民法典》第1032条、1033条规定来看，书包作为学生的个人物品，其中的内容往往涉及学生个人隐私。因此，学校无权擅自翻看学生的书包，否则将构成对学生隐私权的侵犯。  <br />\r\n<br />\r\n&nbsp; &nbsp; &nbsp; &nbsp; 　同时，网民还称，学校不让学生带外卖进校的行为可以理解，但家长送的饭菜都不让进，也不让在校口吃，这些做法不仅不近人情，且浪费粮食。投诉称，有学生自带包子，在校门口被保安和领导强行让扔掉。  <br />\r\n<br />\r\n&nbsp; &nbsp; &nbsp; &nbsp; 　　投诉表示，学生喜欢点外卖和让家长送饭，也不愿意吃食堂，主要是因为食堂饭菜不好吃，打菜的阿姨给的量很少，大多数男生吃不饱，而吃饭时间只有半个小时，排队就接近十分钟，没时间去排队打二次。最近这段时间，可能因为有领导随时前往学校检查，食堂才给学生提供了好吃的。  <br />\r\n<br />\r\n&nbsp; &nbsp; &nbsp; &nbsp; 　　针对以上投诉，6月7日，梓潼县教体局回应称，关于&ldquo;以领导检查为由擅自翻看学生书包&rdquo;的问题。经调查：《中等职业学校学生守则》明文规定，禁止学生携带违禁物品及管制刀具进校园，为了防止极少数同学以个人隐私为由躲避检查，将违禁品带进学校，学校在尊重学生的隐私的前提下，学校安保人员及值周组对学生进校时，寝室、教室等公共场合不定期进行违禁物品抽查检查，力保学校平安稳定。这属学校正常教育教学管理工作，并不违背《中华人民共和国民法典》中关于隐私权的相关规定。  <br />\r\n<br />\r\n&nbsp; &nbsp; &nbsp; &nbsp; 　　关于&ldquo;学校不允许家长送饭到学校，也不允许学生带早饭到学校，都是强行让倒在门口垃圾桶问题&rdquo;的问题。教体局表示，经调查：学校严格落实上级食品卫生安全管理相关规定，为了确保学生用餐安全，三令五申要求禁止学生点外卖。对于个别家长偶尔亲自送餐是允许的，但须由家长当面给学生，不能存放在值班室，尤其是熟食、可以打开包装的食品和容易变质食品。    <br />\r\n<br />\r\n&nbsp; &nbsp; &nbsp; &nbsp; 关于&ldquo;学校食堂难吃、菜少，且吃饭时间严重不足。有领导来检查的时候食堂饭菜会稍微好点&rdquo;的投诉。该局在回应中表示，经调查：因学校条件有限，学校食堂不能满足所有学生同时就餐，所以采用了分年级错时就餐的方法，没有要求学生必须在规定时间吃完。从去年11月开始，学校就已经提高了就餐质量，菜品也由原来的两荤一素增加到三荤两素，并增加了工作人员及聘请烹饪专业老师作为技术指导，从营养与搭配上大有改观。从本学期开始，还给学生增加了水果、改变了菜品，学校计划菜品的量一直比较充足。  <br />\r\n<br />\r\n&nbsp; &nbsp; &nbsp; &nbsp; 教体局还表示，陪餐教师还会提醒用餐学生主动添饭、添菜，确保每位学生吃饱、吃好，尚未发现领导来检查期间食堂饭菜才会好些的现象。', '2024-06-03 10:34:29', 81, '', '/images/46_20240612060932347.webp');
INSERT INTO `news` (`news_id`, `user_id`, `category_id`, `title`, `content`, `publish_time`, `clicked`, `attachment`, `thumbnail`) VALUES
(47, 1, 1, '以旧换新“焕”出消费新活力', '&ldquo;以汽车以旧换新为例，截至发布会前，汽车报废更新补贴申请量已突破4万份，呈现出加快增长态势。具体来看，4月27日，商务部汽车以旧换新信息平台收到全国第1份汽车报废更新补贴申请，到申请量突破1万份，用了25天；从第1万份申请到第2万份申请，用了7天；再到第3万份申请，仅用了4天。&rdquo;在6月6日商务部召开的例行发布会上，新闻发言人何亚东如是介绍。  <br />\r\n<br />\r\n3月27日，商务部等14部门联合印发了《推动消费品以旧换新行动方案》；4月26日，商务部会同财政部等部门发布了《汽车以旧换新补贴实施细则》。何亚东表示，相关文件发布后，各项工作进展顺利、开局良好，政策效果逐步显现。  <br />\r\n<br />\r\n眼下，多地铆足劲相继出台细化方案，推动消费品以旧换新&ldquo;焕&rdquo;出新天地：据悉，目前已有绝大多数省份印发落实方案，立足当地实际，多举措推动汽车换&ldquo;能&rdquo;、家电换&ldquo;智&rdquo;和家装厨卫&ldquo;焕新&rdquo;。  <br />\r\n<br />\r\n<strong>三方面着力 激发消费新潜能  <br />\r\n</strong> <br />\r\n消费品以旧换新，&ldquo;焕&rdquo;出了消费新活力。何亚东介绍，从汽车、家电等产品的销售来看，5月份，全国乘用车零售量约168.5万辆，环比增长约10%，其中新能源汽车零售量约79万辆，占乘用车总体零售量的比重达47%；报废机动车回收量57.7万辆，同比增长48.9%，环比增长16.2%。1&mdash;5月份，主要电商平台家电以旧换新销售额同比增长81.8%。  <br />\r\n<br />\r\n这些成效的取得，离不开相关举措的有力推动。何亚东表示，商务部在政策实施过程中重点开展了三方面工作：一是抓机制，商务部牵头建立了推动消费品以旧换新部际工作协调体系，以及央地联动、政企协同的工作推进机制；二是抓政策，支持废旧家电等再生资源回收体系建设，统筹相关税收减免、金融支持、企业让利等优惠措施，持续扩大政策组合包；三是抓活动，先后举办18场&ldquo;全国消费品以旧换新行动&mdash;&mdash;地方站&rdquo;活动，相继启动2024全国家居焕新消费季、全国家电消费季。  <br />\r\n<br />\r\n中国国际经济交流中心经济研究部副部长刘向东在接受国际商报记者采访时表示，随着消费品以旧换新政策逐步落地，商品消费潜力将逐步释放，尤其是升级类商品零售额将出现快速增长态势，家电家具等网络消费将持续发力，同时带动生产企业信心增强，各类经营主体的活动更趋活跃。  <br />\r\n<br />\r\n&ldquo;以旧换新行动将激发广大居民对汽车、家电等耐用品的潜在需求，通过激发消费端的潜力，畅通并扩张经济循环，进一步提振市场信心和改善社会预期，增强当前经济增长动力，巩固回升向好态势。&rdquo;刘向东进一步分析称。  <br />\r\n<br />\r\n中国社会科学院财经战略研究院市场流通与消费研究室主任依绍华在接受国际商报记者采访时也表示，通过以旧换新行动，一方面家电换购需求被激活，主要电商平台加大补贴力度，简化换新流程，换新品类达200多种，覆盖全国95%以上城镇，一季度以旧换新商品网络销售额增长超过一倍。  <br />\r\n<br />\r\n另一方面，汽车以旧换新效果突出，新能源汽车表现亮眼，相关红利也在向二手车市场延伸。据中国汽车流通协会数据，4月份二手车共交易168万辆，比去年同期增长14.7%。  <br />\r\n<br />\r\n此外，以旧换新行动还带动二手回收业务增长。依绍华列举道，国内二手交易服务平台&ldquo;转转&rdquo;发布的数据显示，今年&ldquo;五一&rdquo;期间，其回收业务量比去年同期增长超过52%，其中上门回收增长更是超过61%。  <br />\r\n<br />\r\n值得期待的是，消费品以旧换新还将释放更多&ldquo;能量&rdquo;。何亚东表示，下一步，商务部将会同相关部门坚持&ldquo;政策+活动&rdquo;双轮驱动、协同发力，以更大力度、更高标准抓好工作落实，推动消费品以旧换新取得更多新成效。  <br />\r\n<br />\r\n<strong>凝聚合力 打通以旧换新堵点</strong>  <br />\r\n<br />\r\n不过，推动以旧换新激发更大消费活力，一些堵点问题也亟待解决。&ldquo;当前，以旧换新行动还面临着家电回收服务覆盖面不全、回收旧家电渠道相对有限、专业回收配套体系不健全等问题。&rdquo;依绍华说道，此外，废旧家电通过正规渠道实现环保拆解和再回收的比例偏低。&ldquo;目前，在家电回收的产业链上，全国只有109家正规拆解厂。大部分回收上来的废旧家电都需要运到外地拆解，这也造成了收集、存储和运输成本居高不下。&rdquo;  <br />\r\n<br />\r\n刘向东也表示，当前消费品生产制造、流通回收等各环节发展不协调不充分的问题也有待解决，如老旧消费品回收仍是个&ldquo;老大难&rdquo;问题，特别是汽车、大家电等消费品回收拆解链条较长，废弃物有效分离和再利用难度较大。同时，各地还存在以旧换新政策不一致引发的价格差异和串货问题，这或会引发市场价格混乱和补贴普惠性不足等问题。  <br />\r\n<br />\r\n面对这些挑战，在刘向东看来，这需要各方合力谋划设计好消费品新旧替换的全流程。&ldquo;既要引导优化新产品的产能布局，避免过度扩产，也要加大对旧消费品的回收利用力度，构建废弃物的循环利用体系。同时，要结合全国统一大市场建设，引导各地在实施以旧换新政策时不妨碍统一市场建设，还要把握消费品以旧换新政策的时效度，减少对未来消费的冲击，持续促进消费的平稳增长。&rdquo;  <br />\r\n<br />\r\n依绍华建议，可针对产品和区域的差异化特点因地施策。如将&ldquo;新能源汽车下乡&rdquo;的产品范围扩大至所有新能源汽车，并加大优惠力度；鉴于中西部省区市农村家庭传统家电具有一定增量扩展空间，可鼓励企业研发一些低价实用产品，在这些地区进行重点推广。  <br />\r\n<br />\r\n&ldquo;此外，还可以通过拓展消费场景，进一步释放更新消费需求。&rdquo;依绍华进一步表示，在推动家电换&ldquo;智&rdquo;方面，支持家电企业进乡镇、进社区、进小区，完善家电流通网络体系，提升家电售后服务能级和水平。  <br />\r\n<br />\r\n在推动汽车换&ldquo;能&rdquo;方面，金融机构可自主确定自用汽车贷款首付比例，相关部门和经营主体则应持续完善充（换）电、停车、智慧交通等基础设施。  <br />\r\n<br />\r\n在推动家装厨卫&ldquo;焕新&rdquo;方面，可鼓励各地结合城镇老旧小区改造工作，推动旧房装修和局部升级改造，持续推动智能家居在更多生活场景的落地，满足消费者不断升级的新需求和新期待。同时，结合居家社区基本养老服务提升行动，培育居家适老化改造经营主体，带动更多家庭开展适老化改造。  <br />\r\n<br />\r\n在完善废旧产品设备回收网络方面，依绍华表示，还需要从多方面着力：一是全方位完善废旧家电回收行业规章、标准等，加快回收网点建设，扩大回收网络覆盖面；二是选取区域试点建设废旧家电区域中转站，同时鼓励家电生产企业构建&ldquo;回收&mdash;拆解&mdash;再生&mdash;再制造&rdquo;循环利用闭环体系；三是鼓励有条件的社区设置废旧家电临时存放场所，推动生活垃圾分类收运体系和再生资源回收体系在规划、建设、运营等方面&ldquo;两网融合&rdquo;；四是引导二手车回收行业规范化发展，建立健全二手车信息平台；五是提升新能源汽车电池回收率，建立统一的回收平台，鼓励生产企业自主回收，提高循环利用率；六是因地制宜完善城乡回收网络，发展&ldquo;互联网＋回收&rdquo;&ldquo;物联网+回收&rdquo;等新模式。 <br />', '2024-06-03 10:35:03', 81, '', '/images/47_20240611140234698.webp'),
(48, 1, 5, '我国载人航天工程第四批预备航天员选拔工作顺利完成', '&nbsp; &nbsp; &nbsp; &nbsp; <strong>央视网消息：</strong>据中国载人航天公众号消息，我国载人航天工程第四批预备航天员选拔工作日前结束，共有10名预备航天员最终入选，包括8名航天驾驶员和2名载荷专家（香港地区、澳门地区各1名载荷专家）。后续，他们将进入中国航天员科研训练中心接受全面系统的训练。  <br />\r\n<br />\r\n&nbsp; &nbsp; &nbsp; &nbsp; 我国载人航天工程第四批预备航天员选拔工作自2022年下半年全面启动，经过了初选、复选、定选3个阶段。期间，首次面向港澳地区选拔载荷专家，得到了港澳各界和社会民众的大力支持和热情参与。  <br />\r\n<br />\r\n&nbsp; &nbsp; &nbsp; &nbsp; 目前，我国航天员选拔训练体系更加成熟完善，随着载人航天国际合作的深入推进，还将有国外航天员参与选拔训练并执行中国空间站飞行任务。', '2024-06-03 10:36:16', 105, '', '/images/thumbnail.jpg'),
(50, 1, 6, '公益支教岂能成研学生意', '&nbsp; &nbsp; &nbsp; &nbsp; 海报上，皮肤黝黑、头发凌乱的孩子，张着一双双渴求知识的眼睛；旁边赫然印着几个大字，&ldquo;7天收费万元就能拿到志愿者证书、乡村助学研学报告&rdquo;。据报道，暑期将近，不少研学机构将大凉山的孩子包装为&ldquo;寻求支教老师的学生&rdquo;，推出支教研学项目。尽管价格不菲，项目却早已售罄，大凉山内载满孩子的大巴车一辆接着一辆，迎来送往十分热闹，甚至还有候补者排队等着捡漏儿。  <br />\r\n<br />\r\n&nbsp; &nbsp; &nbsp; &nbsp; 有人张罗，有人参演，大凉山竟然沦为公益支教的秀场。研学机构打着公益支教的高尚名义，盘算的却是一本万利的暴利生意：报名费张口就要上万元，可大凉山当地食宿、租借场地的费用很低，以至于一些研学支教项目的毛利率高达70%。为孩子交钱报名的家长，未必没有识破其中的猫儿腻，但想着短短7天就能拿到公益时长或乡村支教调研报告，为孩子以后申请海外留学等提供证明，性价比很高。有的家长认为，即便没什么实际用处，让蜜罐里长大的孩子吃吃苦、受受教育，也没什么坏处。  <br />\r\n<br />\r\n&nbsp; &nbsp; &nbsp; &nbsp; 光&ldquo;支教研学项目&rdquo;这个名称，就已经露出多重破绽。说是支教，一群孩子，连教学培训都没参加过，有的还只有二三年级，能教什么？名曰研学，孩子到了大凉山，讲讲个人经历、谈谈城里生活，发个礼物合完影就走了，收获微乎其微。&ldquo;想让孩子多吃苦，就去山里补一补&rdquo;，研学机构的宣传语无异于自曝&mdash;&mdash;支教研学，其实就是微型&ldquo;城市主人公变形计&rdquo;。研学机构求财心切，硬生生把当下时兴的教育名头凑在了一起。  <br />\r\n<br />\r\n&nbsp; &nbsp; &nbsp; &nbsp; 明明大凉山新建了乡村小学，有了宽敞明亮的教室，也从来不缺有资质的热血青年支教，但在研学机构的宣传视频里，被指使摆拍的大凉山的孩子依旧光着脚、背着柴、走山路、挖土豆；那些&ldquo;被参与&rdquo;此类研学项目的大凉山孩子，则奔波在各类&ldquo;公益课堂&rdquo;&ldquo;免费夏令营&rdquo;之间，应付种类繁多、质量参差不齐的支教研学团，这些景象既扭曲国家和地方扶贫工作的成果，也伤害了大凉山孩子的情感。  <br />\r\n<br />\r\n&nbsp; &nbsp; &nbsp; &nbsp; 将大凉山当作悲情套子，已非一日。此前，有的博主为了流量，假装给老人发钱；有的博主打着慈善的名义，直播贩售大凉山特色农产品&hellip;&hellip;披上研学游的外衣，无非还是利用大凉山的流量圈钱。大凉山早已脱贫，但那些靠抹黑蹭大凉山流量的人，精神上的贫困还没有脱去，挂公益做生意的无底线操作尤其卑鄙。  <br />\r\n<br />\r\n&nbsp; &nbsp; &nbsp; &nbsp; &ldquo;大凉山+悲情&rdquo;的剧本，早该扔到垃圾桶里去了。大凉山有太多原生态的特产，但邀名逐利的支教志愿者、无底线蹭流量的网红，从来不是更不能成为大凉山的&ldquo;特产&rdquo;。研学游等生意在大凉山野蛮生长，监管要将其连根拔起，避免大凉山&ldquo;原生态&rdquo;受到污染。  <br />\r\n<br />\r\n&nbsp; &nbsp; &nbsp; &nbsp; 公益不是生意，支教不是指使。&ldquo;悲情贩子&rdquo;们，放过淳朴善良的大凉山孩子，放过纯洁干净的大凉山吧。', '2024-06-03 10:45:31', 84, '', '/images/50_20240612060340882.jpg'),
(51, 1, 6, '比MV更有戏剧性的是Selena Gomez的复古发型！', '<img src="/news/userfiles/20240612_051205_8071.jpg" alt="" /><br />\r\n&nbsp; &nbsp; &nbsp; &nbsp; 在歌手、演员、美妆品牌创始人身份间不断切换的Selena Gomez，最近发布了她2024 年的第一首单曲《Love On》&mdash;&mdash;浪漫的旋律和歌词，讲述着追寻所爱的乐趣。这也是她与音乐制作人Benny Blanco公开恋爱关系后发布的首支单曲，也难怪流露着情难自抑的美好爱情气息。  <br />\r\n<br />\r\n<img src="/news/userfiles/20240612_051655_4372.jpg" alt="" /><br />\r\n<br />\r\n&nbsp; &nbsp; &nbsp; &nbsp; <strong>视听盛宴！Selena的沉浸式浪漫氛围</strong>  <br />\r\n<br />\r\n&nbsp; &nbsp; &nbsp; &nbsp; Selena Gomez在采访中透露，这首歌的创作灵感，源于她去年在巴黎这座城市拍摄电影时度过的美好时光：&ldquo;我尽量不去解读太多事情，但我认为整个想法是制作一首感觉良好的歌曲。我感觉自己身处一个如此轻松、快乐的地方，这在歌曲中得到了体现。&rdquo;   <br />\r\n<br />\r\n<img src="/news/userfiles/20240612_051739_2122.jpg" alt="" /><br />\r\n<br />\r\n<img src="/news/userfiles/20240612_051809_5386.jpg" alt="" /><br />\r\n<div style="text-align: center;"><br />\r\nSelena Gomez在巴黎度过的时光</div>\r\n<br />\r\n&nbsp; &nbsp; &nbsp; &nbsp; <span style="color: rgb(128, 0, 128);"><strong>欢快而浪漫，</strong></span>确实是这支歌所传递出来的信号，也是她向巴黎这座充满爱意之城的致敬，感染着正在听这首歌的你我他。  <br />\r\n<br />\r\n<img src="/news/userfiles/20240612_052004_7012.jpg" alt="" /><br />\r\n<img src="/news/userfiles/20240612_051903_4993.jpg" alt="" /><br />\r\n<br />\r\n&nbsp; &nbsp; &nbsp; &nbsp; 除旋律外，《Love On》色彩鲜明的MV同样令人印象深刻。不难看出，Selena Gomez妆造均围绕着复古、华丽的核心主题，自信演绎着玫粉色、蓝色、绿色等亮眼色系。  <br />\r\n<br />\r\n<img src="/news/userfiles/20240612_052028_4696.jpg" alt="" /><br />\r\n<br />\r\n&nbsp; &nbsp; &nbsp; &nbsp; 从预热海报发布起，《Love on》用高饱和色彩、复古质感创造的波普艺术风格世界已经将悬念感与大家的期待值都拉满。   <br />\r\n<br />\r\n<img src="/news/userfiles/20240612_052056_7525.jpg" alt="" /><br />\r\n<br />\r\n&nbsp; &nbsp; &nbsp; &nbsp; <strong>好莱坞经典造型 唤起崭新流行趋势</strong>  <br />\r\n<br />\r\n&nbsp; &nbsp; &nbsp; &nbsp; Selena Gomez在这首单曲的MV中贡献了多套出圈造型，而最具标识性、最有戏剧性的，要数她极具复古情调的卷发造型。   <br />\r\n<br />\r\n<img src="/news/userfiles/20240612_052125_2461.jpg" alt="" /><br />\r\n<br />\r\n<img src="/news/userfiles/20240612_052202_6048.jpg" alt="" /><br />\r\n<br />\r\n<br />\r\n<br />\r\n<br />\r\n<br />\r\n&nbsp; &nbsp; &nbsp; &nbsp; 华美造型打造出一位巴黎名媛，加上耳边 &ldquo;Wait till I turn my love on&rdquo;的快节奏Disco旋律，视听双重盛宴，谁能抑制住想舞动的心？   <br />\r\n<br />\r\n<img src="/news/userfiles/20240612_052302_9295.jpg" alt="" /><br />\r\n<img src="/news/userfiles/20240612_052239_1487.jpg" alt="" /><br />\r\n<br />\r\n<br />\r\n<br />\r\n&nbsp; &nbsp; &nbsp; &nbsp; 看到这款发型，你会不会有一种&ldquo;似曾相识&rdquo;的感受？因为它已悄然成为2024年度娱乐圈女明星们争相尝试的热门发型。实际上，这种风格的短发，可以被统称为&nbsp;<span style="color: rgb(128, 0, 128);"><strong>baroque bob（巴洛克式短发）</strong></span>，造型灵感源自于Marilyn Monroe和Rita Hayworth等经典好莱坞偶像。  <br />\r\n<br />\r\n<div style="text-align: center;"><strong>Marilyn Monroe</strong></div>\r\n<br />\r\n<img src="/news/userfiles/20240612_052416_4692.jpg" alt="" /><br />\r\n<br />\r\n<img src="/news/userfiles/20240612_054751_3463.jpg" alt="" /><br />\r\n<img src="/news/userfiles/20240612_054734_2325.jpg" width="550" height="882" alt="" /><br />\r\n<br />\r\n<div style="text-align: center;"><strong>Rita Hayworth<br />\r\n<br />\r\n<br type="_moz" />\r\n</strong></div>\r\n<div>&nbsp;</div>\r\n&nbsp; &nbsp; &nbsp; &nbsp; 与&ldquo;baroque （巴洛克）&rdquo;一词所关联到的17 世纪经典艺术、建筑风格相似，baroque bob的造型特征是&ldquo;光滑的雕刻感&rdquo;效果。具体而言，即不是过往流行的慵懒、略微凌乱的自然蓬松感卷发，而是看起来梳得顺滑、光洁的卷发，波浪如同雕刻出来似的，呈现出一定的体积感和华丽质感。   <br />\r\n<br />\r\n<img src="/news/userfiles/20240612_054902_9290.jpg" alt="" /><br />\r\n<br />\r\n<img src="/news/userfiles/20240612_054943_2406.jpg" alt="" /><br />\r\n<br />\r\n<img src="/news/userfiles/20240612_055003_1186.jpg" alt="" /><br />\r\n<br />\r\n<br />\r\n<br />\r\n<br />\r\n<br />\r\n&nbsp; &nbsp; &nbsp; &nbsp;  一般来说，经典baroque bob的长度应刚好位于肩部，并且日常的打理是决定着造型完成度的关键，重点在于体积感与光泽度塑造：<br />\r\n<br />\r\n<img src="/news/userfiles/20240612_055047_8094.jpg" alt="" />   <br />\r\n<br />\r\n<br />', '2024-06-05 09:28:40', 180, '', '/images/51_20240612055420160.jpg'),
(52, 1, 7, '习近平会见巴西副总统阿尔克明', '<div style="text-align: center;"><span style="color: rgb(51, 102, 255);"><cite>6月7日下午，国家主席习近平在北京人民大会堂会见来华正式访问的巴西副总统阿尔克明。新华社记者 申宏 摄</cite></span><cite>  <br />\r\n</cite></div>\r\n<br />\r\n习近平指出，中巴是志同道合的好朋友、携手前行的好伙伴。去年4月，我同卢拉总统就引领开辟新时代中巴关系新未来达成重要共识。一年多来，在双方共同努力下，两国战略互信不断深化，务实合作持续推进，在国际场合密切协作，不仅促进了各自发展，也有力维护了广大发展中国家的共同利益。  <br />\r\n<br />\r\n习近平强调，当前，世界正面临百年未有之大变局，中巴作为发展中大国和重要新兴市场国家，有着广泛共同战略利益，两国关系远远超越双边范畴，对推动发展中国家团结合作以及世界和平稳定具有示范意义。双方要把握两国关系的战略性，增强两国关系的互利性，彰显两国关系的全面性，不断密切战略协作，赋予中巴友好新的时代内涵。中方愿同巴方继续秉持敢为人先的首创精神，用更具前瞻性的眼光就双边关系作好战略规划，明确构建中巴命运共同体的长远目标，充分发挥中国－巴西高层协调与合作委员会的作用，巩固传统领域合作，拓展绿色经济、数字经济、创新等新兴领域合作，加强共建&ldquo;一带一路&rdquo;倡议同巴西&ldquo;再工业化&rdquo;、&ldquo;南美一体化路线&rdquo;等发展战略对接。以庆祝建交50周年为契机，全面加强立法机构、政党、地方、文化、教育、旅游、青年等各领域交流合作，为中巴合作汇聚更多友好力量，提供更多有力支撑。中方支持巴西在国际舞台上发挥更大作用，支持巴西办好今年二十国集团领导人峰会，愿同包括巴西在内的拉共体各方密切沟通，推动新时代中拉关系进一步发展。  <br />\r\n<br />\r\n<img src="/news/userfiles/20240611_150604_6893.jpg" alt="" /><br />\r\n<div style="text-align: center;"><span style="color: rgb(51, 102, 255);"><cite>6月7日下午，国家主席习近平在北京人民大会堂会见来华正式访问的巴西副总统阿尔克明。新华社记者 申宏 摄</cite></span><cite>  <br />\r\n</cite></div>\r\n<br />\r\n阿尔克明转达卢拉总统对习近平的亲切问候，表示，昨天我同韩正副主席成功主持召开巴西－中国高层协调与合作委员会第七次会议，取得积极成果。近年来数亿中国人民摆脱贫困，堪称世界奇迹，有关经验对巴西具有重要借鉴意义。巴西政府致力于实现包容、可持续增长，愿同中方加强发展战略对接，欢迎更多中国企业赴巴西投资，加强基础设施建设、农业、矿产、新能源汽车以及应对气候变化等领域合作。巴中都致力于捍卫多边主义和自由贸易，在许多重要问题上理念相同，合作潜力巨大，前景广阔。巴方愿以两国建交50周年为新起点，同中方共同努力，密切双多边战略协作，将两国关系提升至新的高度，为建设更加和平、公正、可持续的世界作出贡献。', '2024-06-05 12:38:42', 202, '', '/images/52_20240611150728751.jpg'),
(53, 1, 5, '未来已来：概念车引领汽车设计新潮流', '随着科技的飞速发展，汽车行业也迎来了前所未有的变革。近日，一款名为 Cybertruck 的概念车引起了广泛关注。这款车型以其独特的设计和前瞻性的技术，展现了未来汽车的新趋势和可能性。  <br />\r\n<br />\r\n从外观设计上看，Cybertruck 概念车打破了传统汽车的框架，采用了流线型的车身和宽阔的轮胎，使得整车看起来更加动感和时尚。车身线条流畅，没有明显的棱角，给人一种圆润而饱满的感觉。同时，车辆采用了大面积的透明材料，如车窗和车灯，增强了整体的科技感和未来感。  <br />\r\n<br />\r\n在车尾部分，最引人注目的是那组橙红色的尾灯。这组尾灯不仅造型独特，而且亮度高、穿透力强，能够在夜间为其他车辆提供清晰的信号。当尾灯亮起时，它们与背景中夕阳的颜色相互呼应，形成了一幅美丽的画面。这种设计不仅增加了车辆的美观性，还提高了行车安全性。  <br />\r\n<br />\r\n除了外观设计外，Cybertruck 概念车还采用了许多前沿技术。例如，它配备了先进的自动驾驶系统，能够实现自动导航、自动泊车等功能。同时，车辆还采用了轻量化材料和节能技术，使得整车更加环保和节能。这些技术的应用不仅提高了车辆的性能和使用体验，还推动了汽车行业的可持续发展。  <br />\r\n<br />\r\nCybertruck 概念车的出现，无疑为汽车行业带来了新的思考和启示。它告诉我们，未来的汽车将更加注重设计和技术的融合，以满足人们日益增长的需求和期望。同时，它也提醒我们，在追求科技进步的同时，我们也要关注环境保护和可持续发展。  <br />\r\n<br />\r\n展望未来，我们有理由相信，Cybertruck 概念车所展现的未来汽车趋势将会逐渐成为现实。随着技术的不断进步和应用，未来的汽车将会更加智能化、环保化和个性化。让我们一起期待这个充满无限可能的未来吧！ <br />', '2024-06-05 14:25:50', 45, '', '/images/53_20240612113010634.png'),
(54, 1, 6, '影坛大哥大洪金宝久违亮相，与妻子高丽虹牵手出席活动…', '<div style="text-align: left;"><img src="/news/userfiles/20240612_044541_5296.jpg" alt="" /></div>\r\n<div style="text-align: center;"><br />\r\n<span style="color: rgb(77, 79, 83); font-family: &quot;Hiragino Sans GB&quot;, &quot;Microsoft Yahei&quot;, &quot;\\\\5FAE软雅黑&quot;, SimSun, &quot;\\\\5B8B体&quot;, Arial; font-size: 16px; font-weight: 700; letter-spacing: 1px;">影坛大哥大洪金宝久违亮相，与妻子高丽虹牵手出席活动&hellip;</span></div>\r\n<br />\r\n影坛大哥大洪金宝久违亮相，与妻子高丽虹牵手出席活动，有多少人是看着他的功夫喜剧电影长大的？记忆中最灵活的胖子也老了。#娱乐圈 #金像奖 #洪金宝 #一代人的回忆 #活动现场   <br />\r\n<br />\r\n<video id="myMovie_html5_api" class="vjs-tech" playsinline="playsinline" x5-video-player-type="h5-page" t7-video-player-type="inline" webkit-playsinline="isiPhoneShowPlaysinline" tabindex="-1" controls="" role="application" preload="auto" src="http://f.video.weibocdn.com/u0/SaDyooiFgx08fxDHkvMA010412008dOe0E010.mp4?label=mp4_720p&amp;template=576x1024.24.0&amp;ori=0&amp;ps=1CvO5P1PN4Iles&amp;Expires=1718171040&amp;ssig=NB%2Bq8Wvdzo&amp;KID=unistore,video"></video>', '2024-06-06 01:04:13', 60, '', '/images/54_20240612044941878.jpg'),
(55, 1, 1, '陕西汽车以旧换新激发市场活力', '6月3日，陕西省商务厅等7部门联合发布《陕西省汽车以旧换新补贴实施细则》。近日，记者对陕西省内多个市地商务局、汽车销售企业以及报废车回收拆解企业进行了采访，全面了解在政策推动下，陕西汽车消费市场的变化。  <br />\r\n<br />\r\n在西安市采访时，记者了解到，目前个人汽车以旧换新在最高一万元的贴补基础上，还能叠加厂家的置换补贴，消费者可享受的实际优惠力度更大。  <br />\r\n<br />\r\n记者在西安华中星辉奔驰4S店看到，店里的显示屏滚动播放&ldquo;换新政策奔驰加倍&rdquo;的相关实行方案。销售经理李晨昊告诉记者，目前奔驰会为符合以旧换新政策的车主，提供加倍补贴，如果消费者换新能源车的话，不仅能享受国家的10000元补贴，奔驰也会提供10000元补贴。  <br />\r\n<br />\r\n比亚迪西安新景腾飞汽车销售有限责任公司总经理白宝峰在接受记者采访时表示，政策发布以来，置换客户较上个月有所增加，增长幅度在1.5%左右。据白宝峰介绍，在商务部、财政部等7部门汽车以旧换新补贴政策出台之前，企业就对&ldquo;准客户&rdquo;们进行过梳理；政策一发布，公司就对老款购车客户进行集中通知，并通过短视频媒体平台和汽车会员平台、店端公众号等，进行全面的政策宣传。依据现行政策，对销售接待话术进行了相应的调整，增加了换购政策叠加主机厂的置换补贴，让消费者能享受更多实惠的产品和服务。  <br />\r\n<br />\r\n记者关注了抖音、视频号、小红书等多个平台上的陕西汽车经销企业账号，几乎所有账号都在政策出台第一时间发布以旧换新政策宣传和优惠促销视频，许多消费者在视频下面咨询：以旧换新的具体做法、报废车辆是否只能去指定企业、享受了区一级购车补贴是否可以继续享受国家补贴等。  <br />\r\n<br />\r\n宝鸡威凯汽车销售服务有限公司总经理杨毓辉告诉记者，截至5月底，公司旗下各店已经实施了报废置换11单。今年以来各汽车主机厂也加大了置换补贴的力度，各品牌的置换补贴从2000元至50000元不等，在各种政策的叠加下，新车销售同比增长20%左右，二手车置换购车的比例已经达到35%左右。  <br />\r\n<br />\r\n杨毓辉给记者算了一笔账。一台车报废残值按2000元一吨算，车重1.4吨就能收回2800元，购买新能源车补贴1万元，厂家置换补贴算3000元，购买新车，消费者会有15800元的&ldquo;进账&rdquo;。车贷按20％首付计算的话，有了这些优惠，消费者购买一台8万左右的车的话，相当于&ldquo;零首付&rdquo;了。  <br />\r\n<br />\r\n据宝鸡市商务局相关负责人介绍，今年以来，根据《2024年宝鸡市汽车消费（以旧换新）补贴电子消费券发放方案》，宝鸡市财政列支500万元发放汽车补贴电子消费券。依据消费者购买新车金额分别给予2000元、3000元和4000元购车补贴，同时对参与二手车置换的消费者增发1000元置换补贴。截至目前，宝鸡市已经有1655人享受到汽车消费补贴，其中享受汽车置换补贴的有496人，拉动汽车消费及百货、加油等&ldquo;二次消费&rdquo;近3亿元。  <br />\r\n<br />\r\n<img src="/news/userfiles/20240611_134526_8728.jpg" alt="" /><br />\r\n<br />\r\n根据《陕西省汽车以旧换新补贴实施细则》，宝鸡市商务局以汽车报废更新补贴政策宣讲为重点，组织汽车销售企业和报废机动车回收企业认真学习政策，做好宣传执行。引导车主综合车况及更新补贴等，自主淘汰老旧汽车，购买符合补贴条件的新车，并及时申领补贴。  <br />\r\n<br />\r\n消费者柴先生最近刚刚置换了一辆新车。从网上看到以旧换新的政策以后，柴先生就去一家4S店咨询。4S店销售杨旭现场打开&ldquo;汽车以旧换新补贴申请&rdquo;的小程序介绍，告诉他补贴申请很便利，打消了柴先生怕申请麻烦，怕补贴难以到位的疑虑。柴先生看好的那款车，厂家配合国家的以旧换新政策正在进行促销，指导价34.3万的车，促销优惠下来21万多，再加上以旧换新政策和置换补贴，20万出头就能拿下。柴先生非常满意。  <br />\r\n<br />\r\n杨旭表示：&ldquo;以旧换新是国家政策，国家政策的宣传力度很大，提高了消费者的到店率，而车企和经销商借国家政策的东风进一步促销，就会促成签单。&rdquo;  <br />\r\n<br />\r\n为了了解消费者咨询政策的渠道是否顺畅，记者以一名消费者的身份，拨打了陕西各地市商务局汽车以旧换新补贴申请的咨询服务热线。各地市商务局工作人员对记者提出的以旧换新补贴申请流程给出了清晰的解答。  <br />\r\n<br />\r\n铜川市商务局工作人员特别提醒记者不要相信网上部分中介的&ldquo;花钱代办补贴&rdquo;，她说，以旧换新补贴申请流程简单，商务部门已经给汽车经销企业还有报废拆解企业都做过相关培训，你买车或者报废车的时候，他们都会主动告诉你怎样进行申请，消费者也可以直接拨打咨询服务热线，商务局工作人员一定会详细解答。最后，铜川市商务局的工作人员还给记者提供了铜川市铜兴报废汽车回收拆解有限责任公司的电话，联系具体的报废事宜。  <br />\r\n<br />\r\n铜兴报废汽车回收拆解有限责任公司的付义善师傅告诉记者，车辆报废流程非常简单不用找中介，消费者只需要需要携带机动车登记证书、机动车行驶证、车辆牌照、车主身份证明等相关文件，并将车辆送至公司就行。公司会给消费者提供报废证明，并根据车辆的实际情况，协助确定车辆残值。在完成公安机关交通管理部门规定的注销手续后，公司将及时通知车主，并提供纸质的注销证明。  <br />\r\n<br />\r\n付义善会给每一个来公司报废车辆的人讲以旧换新政策，提醒他们：保存好报废旧车的手续，国家有优惠政策，买新能源车时可以补贴1万元，买燃油也能补贴7000元。据付义善观察，公司的报废拆解业务明显比以前多了，原来一些旧车卖二手最多几千块，新政策一来，报废的旧车能值上万块了，消费者更愿意报废置换新车。 <br />', '2024-06-06 06:09:16', 99, '', '/images/55_20240611134632960.jpg'),
(64, 1, 6, '放松的益处与未来之轮', '<br />\r\n在快节奏的现代生活中，放松已成为许多人追求的宝贵时刻。它不仅能让我们暂时逃离日常的喧嚣和压力，更有着深远的身心益处。而当我们谈及未来科技的代表，特斯拉的Cybertruck无疑是一颗璀璨的明星，它不仅展现了汽车工业的崭新面貌，也为我们描绘了一个充满可能性的未来世界。 <br />\r\n<br />\r\n一、放松的益处<br />\r\n<br />\r\n放松身心，是一种对自己的呵护和关爱。在高压的工作和生活环境下，我们时常感到疲惫不堪，焦虑和压力如影随形。而放松，则为我们提供了一个宝贵的喘息机会，帮助我们重新找回内心的平静和安宁。<br />\r\n<br />\r\n首先，放松可以降低我们的压力和焦虑。当我们身处一个宁静的环境中，让思绪自由地飘荡，那种无忧无虑的感觉能够让我们暂时忘记烦恼和压力。这样的放松不仅能够让我们的心情变得愉悦，更能够降低血压和心率，减少身体中的应激激素水平，有助于我们更好地应对生活中的挑战。<br />\r\n<br />\r\n其次，放松有助于提高我们的睡眠质量。良好的睡眠是身心健康的基石，而放松则是通往高质量睡眠的必经之路。当我们放松身心，让自己进入一种宁静的状态时，我们的大脑也会逐渐进入休息模式，更容易进入深度睡眠。这样的睡眠不仅能够让我们的身体得到充分的休息和恢复，更能够让我们在第二天醒来时精力充沛、焕发活力。<br />\r\n<br />\r\n此外，放松还有助于改善我们的消化功能。当我们的身体处于紧张状态时，消化系统也会受到影响，出现胃痛、消化不良等问题。而放松则能够减少消化系统中的肌肉紧张，让我们的消化系统得到充分的休息和恢复。这样不仅能够改善我们的消化功能，更能够让我们享受到美食带来的愉悦感受。<br />\r\n<br />\r\n放松还有助于增强我们的免疫力。当我们感到放松时，身体中的应激激素水平会降低，这有助于减少炎症和感染的风险。同时，放松还能够促进身体内部的自我修复机制，让我们的身体更加健康、更加强壮。<br />\r\n<br />\r\n最后，放松还有助于缓解我们的肌肉疼痛和疲劳。当我们的身体长时间处于紧张状态时，肌肉也会变得僵硬和疼痛。而放松则能够减少肌肉紧张和疼痛，让我们的身体感到更加舒适和轻松。这样的放松不仅能够缓解我们的疲劳感，更能够让我们在工作和生活中更加从容和自信。  <br />\r\n<br />\r\n二、Cybertruck的探索<br />\r\n<br />\r\nCybertruck，作为特斯拉旗下的一款电动皮卡，以其独特的设计和卓越的性能吸引了无数人的目光。它不仅是一款汽车，更是一个时代的象征，一个对未来世界的展望。<br />\r\n<br />\r\n首先，Cybertruck的设计颠覆了传统皮卡的固有形象。它采用了整体的不锈钢板构成，取消了传统车门把手，使车门可以自动弹出。这种设计不仅让Cybertruck看起来更具未来感，更能够减少车身的重量和提高耐用性。同时，Cybertruck的顶部设计也颇具特色，它采用了类似船舱的设计，并配备了半透明的车顶。这样的设计不仅增加了车内的采光和通风效果，更能够让乘客在行驶过程中享受到更加开阔的视野和更加舒适的乘坐体验。<br />\r\n<br />\r\n其次，Cybertruck的性能也堪称卓越。它采用了特斯拉最新的电动技术和智能驾驶系统，能够提供强劲的动力和出色的操控性能。同时，Cybertruck还配备了先进的电池组和充电设施，能够支持长时间的行驶和快速的充电需求。这样的性能不仅让Cybertruck在越野和探险领域具有强大的竞争力，更能够满足人们对环保和节能的追求。<br />\r\n<br />\r\n除此之外，Cybertruck还代表了特斯拉对未来世界的展望和追求。它不仅仅是一款汽车，更是一个移动的智能平台和生态系统。通过与其他智能设备的连接和交互，Cybertruck能够为我们提供更加便捷、高效和智能的出行体验。同时，Cybertruck的推出也标志着特斯拉在电动汽车领域的领先地位和创新能力，为整个汽车行业树立了新的标杆和榜样。<br />\r\n<br />\r\n在探索未来世界的过程中，我们不仅需要关注科技的进步和创新，更需要关注人们的身心健康和幸福感。放松作为一种简单而有效的身心调节方式，不仅能够帮助我们缓解压力和焦虑、提高睡眠质量和消化功能、增强免疫力和缓解肌肉疼痛等身心益处，更能够让我们在快节奏的生活中保持一份宁静和从容。而Cybertruck作为未来科技的代表之一，则为我们提供了一个更加便捷、高效和智能的出行方式，让我们能够更好地享受未来世界带来的便利和乐趣。<br />\r\n<br type="_moz" />', '2024-06-06 06:54:59', 134, '', '/images/64_20240612112819373.png'),
(66, 1, 1, '中国外贸向好态势继续巩固', '请在此输入新闻的内容！在今年前5个月世界贸易增速放缓的大背景下，中国外贸跑出向好&ldquo;加速度&rdquo;&mdash;&mdash;海关总署6月7日发布的最新数据显示，前5个月中国货物贸易进出口总值17.5万亿元，同比（下同）增长6.3%。其中，5月当月进出口3.71万亿元，增长8.6%，增速比4月提高0.6个百分点。  <br />\r\n<br />\r\n海关总署新闻发言人、统计分析司司长吕大良表示，5月中国出口增长11.2%，显示出外贸活跃度有所提升、出口继续加快的发展趋势，外贸运行向好势头继续巩固。  <br />\r\n<br />\r\n<strong>&ldquo;中国制造&rdquo;竞争优势明显</strong>  <br />\r\n<br />\r\n具体而言，前5个月出口9.95万亿元，增长6.1%，进口7.55万亿元，增长6.4%，呈现出诸多亮点。&ldquo;从出口来看，机电产品、高新技术产品仍是出口主力，继续保持较好势头，其中集成电路、新能源汽车等高附加值产品出口快速增长，传统优势产品出口总体平稳。&rdquo;中国社会科学院世界经济与政治研究所国际贸易研究室助理研究员石先进在接受国际商报记者采访时表示。  <br />\r\n<br />\r\n记者注意到，前5个月技术含量和附加值高的机电产品占出口比重近六成，其中船舶、电动汽车、家用电器出口分别增长100.1%、26.3%、17.8%。  <br />\r\n<br />\r\n吕大良表示，面对复杂的外部环境，中国外贸经营主体主动求新求变，新产品、新技术、新创意不断涌现。在5月闭幕的第135届广交会上，越来越多的高端化、智能化、绿色化产品不仅&ldquo;圈粉&rdquo;了新朋友，也惊艳了老客户，充分彰显了&ldquo;中国智造&rdquo;的竞争力。  <br />\r\n<br />\r\n分区域看，在中国前四大贸易伙伴中，除欧盟与中国贸易额比去年同期有所下降外，中国与东盟、美国、韩国贸易额均保持同比增长。东盟继续稳居中国第一大贸易伙伴地位。数据显示，前5个月中国与东盟贸易总值为2.77万亿元，增长10.8%。欧盟为中国第二大贸易伙伴，中国与欧盟贸易总值为2.23万亿元，下降1.3%。同期，中国对共建&ldquo;一带一路&rdquo;国家合计进出口8.31万亿元，增长7.2%。  <br />\r\n<br />\r\n从出口主体结构看，民营企业仍然是进出口贸易的主力军，民营企业活力充足。前5个月，中国有进出口实绩的外贸经营主体数量增加8.7%。其中，民营企业进出口值增长11.5%。  <br />\r\n<br />\r\n广东雷洋智能科技股份有限公司是一家传统制造型企业，对于该公司而言，2024年是充满机遇和挑战的一年。&ldquo;利好在于，后疫情时代，传统的以线下商超为主的各国客户纷纷回到中国采购，我们又回到了传统的、熟悉的工作方式。&rdquo;该公司外贸部销售总监叶得塔对国际商报记者表示，但是，由于每个工厂都希望以最低的价格吸引客户，竞争比往年更加激烈。  <br />\r\n<br />\r\n&ldquo;我们意识到，单纯比拼价格对于公司来说是没有出路的。&rdquo;叶得塔介绍，为了进一步拓展产品出口，公司花了极大的精力和财力投入新产品研发，从往年的室内大功率音响逐渐转型到室内户外均可使用的小而美的便携款蓝牙音箱。这是公司产品转型迈出的第一步，收获了良好效果。 <br />\r\n<br />\r\n据叶得塔介绍，欧美、日韩、拉美等多个市场的客户都对公司的产品表示满意。由于产品更加多样化，公司在维护好拉美客户的基础上，又逐渐盘活了日韩、东南亚及欧美市场。产品的成功转型也带来了更多注重品质和设计的商超及老牌消费类电子品牌方的关注。&ldquo;新的订单激发了我们不断探索和开发新产品的决心，我们将朝着新目标不断迈进！&rdquo;  <br />\r\n<br />\r\n<strong>向好趋势有望延续  <br />\r\n</strong> <br />\r\n外贸的&ldquo;质升量稳&rdquo;，离不开经营主体的奋力笃行与多部门的合力鼎撑。商务部、中国出口信用保险公司联合出台六方面举措进一步发挥出口信用保险作用；商务部等部门加速推动出台《关于拓展跨境电商出口推进海外仓建设的意见》，赋能跨境电商产业发展，依托中国165个跨境电商综试区，结合各地的产业禀赋和区位优势，带动产业带更多企业利用跨境电商参与国际贸易；国家外汇管理局推出新举措优化货物贸易外汇业务流程；海关总署与布隆迪、冰岛签署经认证的经营者（AEO）互认安排，进一步提高贸易便利化水平&hellip;&hellip;  <br />\r\n<br />\r\n源源不断释放的政策红利，大大提振了外贸&ldquo;质升量稳&rdquo;的信心和底气。商务部近期调研显示，重点外贸企业新签订单连续4个月好转。中国贸促会近期调研结果亦显示，81.6%的外贸企业预测上半年出口向好或持平，65.1%的受访企业新增订单比上个季度增长或持平。展望下一阶段的外贸形势，对外经济贸易大学政府管理学院、国家对外开放研究院研究员刘斌对国际商报记者表示，随着中国企业竞争力的不断提升和外需回升，中国外贸形势将呈现企稳回升态势。 <br />\r\n<br />\r\n不过，专家亦提醒，由于当前国际贸易形势依然复杂严峻，特别是部分国家推行单边主义、保护主义，或令贸易成本和贸易风险有所提升。 <br />\r\n<br />\r\n如何助力企业稳订单、拿新单、拓市场？刘斌建议接下来在三方面继续发力：稳住欧洲市场基本盘，促进中欧贸易发展；稳住周边市场，特别是与韩国、日本之间的贸易要发力；促进外资和外贸的良性互动，在稳外资增量和存量上继续发力，特别是针对贸易型外资企业，要加大招商引资力度。  <br />\r\n<br />\r\n石先进也提出相关建议：一是进一步深化与东盟、欧盟、拉美等传统贸易伙伴的经贸合作，积极开拓&ldquo;一带一路&rdquo;共建国家和非洲等新兴市场，加快构建面向全球的高标准自贸区网络，构建&ldquo;全球南方经贸网络&rdquo;；二是跨境电商、海外仓、市场采购等外贸新业态持续活跃，对稳外贸发挥了重要作用，应进一步完善跨境电商等新业态的政策环境和配套设施，加快发展数字贸易，培育外贸发展新动能；三是注重贸易高质量发展，提高出口产品技术含量和附加值，提升出口质量和效益。完善贸易促进体系，加大贸易融资、信用保险等金融支持力度。提升&ldquo;新三样&rdquo;、船舶出口地位，促进新能源产品在能源匮乏国家中的普及，缓解其在传统能源购买过程中的外汇压力；四是加快出口产品和生产方式绿色低碳转型，主动应对绿色壁垒。 <br />', '2024-06-06 06:59:38', 90, '', '/images/66_20240611133944820.webp'),
(74, 1, 6, '电影界的璀璨新星：郭帆导演引领科幻风潮', '在电影界，总有一些人以其独特的才华和不懈的努力，创造出令人瞩目的作品，成为观众心中的璀璨新星。其中，郭帆导演无疑是近年来备受瞩目的杰出代表。他不仅凭借一系列优秀的电影作品赢得了观众的喜爱，更以其对科幻题材的深入探索和创新，为中国电影注入了新的活力。 <br />\r\n<br />\r\n郭帆，1980年出生于山东省济宁市，一个普通却充满文化氛围的城市。自幼喜爱绘画和想象的他，对电影产生了浓厚的兴趣。然而，在高考时，由于种种原因，他未能如愿进入心仪的电影学院，而是选择了法学专业。但这并没有阻挡他追求电影梦想的步伐。在大学期间，他积极参与校园电影创作，不断提升自己的电影制作能力。毕业后，他进入电视台工作，积累了丰富的影视制作经验。  <br />\r\n<br />\r\n经过多年的努力，郭帆终于迎来了事业的转折点。2011年，他自编自导的电影处女作《李献计历险记》上映，获得了观众的广泛好评。该片不仅展现了他独特的叙事风格和深刻的思考，更让他在电影界崭露头角。随后，他又执导了青春爱情电影《同桌的你》，再次赢得了观众的喜爱和认可。  <br />\r\n<br />\r\n然而，郭帆并没有满足于已有的成就。他深知，要想在电影界取得更高的成就，必须不断挑战自我、突破创新。于是，他开始尝试科幻题材的电影创作。《流浪地球》系列的诞生，正是他多年积累的电影制作经验和创新思维的结晶。  <br />\r\n<br />\r\n《流浪地球》系列电影以宏大的宇宙背景为舞台，讲述了人类在面对太阳即将毁灭的危机时，为了拯救地球而展开的壮丽故事。影片中，人类团结一心、共克时艰的精神深深打动了观众。同时，影片中对科幻元素的精心设计和呈现，也展现了中国电影在科幻领域的实力和潜力。  <br />\r\n<br />\r\n郭帆导演在《流浪地球》系列电影的制作过程中，充分发挥了自己的创造力和想象力。他带领团队进行了大量的调研和深耕，逐渐找到了科幻片的&ldquo;中国式&rdquo;表达。他坚信，只有将中国文化和科幻元素有机结合，才能创作出真正属于中国的科幻电影。在影片的拍摄过程中，他严格把控每一个细节，力求呈现最完美的视觉效果。同时，他还邀请了众多科学家参与影片的科学推演和制作，确保了影片的科学性和真实性。  <br />\r\n<br />\r\n《流浪地球》系列电影的成功，不仅让郭帆导演赢得了观众的喜爱和认可，更让他成为中国电影界备受瞩目的导演之一。他的才华和努力得到了业界的广泛赞誉和肯定。同时，他也为中国电影的发展注入了新的活力和动力。  <br />\r\n<br />\r\n未来，郭帆导演将继续致力于电影创作和创新。他表示，将不断挑战自我、突破创新，为中国电影事业贡献更多的力量。我们期待着他未来更多优秀的作品问世，为中国电影事业的繁荣发展贡献更多的智慧和力量。 <br />', '2024-06-06 07:17:16', 87, '', '/images/74_20240612082757120.webp');
INSERT INTO `news` (`news_id`, `user_id`, `category_id`, `title`, `content`, `publish_time`, `clicked`, `attachment`, `thumbnail`) VALUES
(77, 1, 7, '西藏军区某部周密组织2024年度春季新兵下连', '中新网拉萨6月7日电 (刘志丹 黄安全)近日，西藏军区林芝军分区某部周密组织2024年度春季新兵下连。经过几个月的摸爬滚打和加钢淬火，新兵们即将奔赴新战位，开启新征程。面对前路挑战，他们信心满怀，目光坚毅。  <br />\r\n<br />\r\n<img src="/news/userfiles/20240611_152206_3485.jpg" alt="" /><br />\r\n<div style="text-align: center;"><cite>图为西藏军区林芝军分区某部春季新兵奔赴新战位现场。刘健杨 摄</cite></div>\r\n<br />\r\n&nbsp; &nbsp; &nbsp;从新兵营到分配单位，一路上需要经过蜿蜒曲折的川藏线并翻越海拔近4700多米的高山垭口。对于以前从没走过川藏线的新兵们，这样的奇景让他们很是好奇，不时就伸出头看看外面的风景。  <br />\r\n<br />\r\n新兵张世鹏是一名二次入伍的老兵，曾是驾驶员的他对于川藏线早有耳闻，但当切身实地走上这条被汽车兵称为&ldquo;生死线&rdquo;的&ldquo;天路&rdquo;时，也让他感触颇深。  <br />\r\n<br />\r\n张世鹏说：&ldquo;没有想到川藏线如此艰险，让我更加理解了西藏官兵的默默奉献，今后我一定要在新单位积极发挥特长，苦练本领，为部队作出更多应有的贡献！&rdquo;  <br />\r\n<br />\r\n道路的颠簸让不少新兵出现了晕车和高原反应等症状。而带车的新训班长刘世民已经习以为常，他带头起了一首《前进吧，雪域将士》让大家唱了起来，想让大家在歌声中缓解不适。   <br />\r\n<br />\r\n<img src="/news/userfiles/20240611_152454_3249.jpg" alt="" /><br />\r\n<div style="text-align: center;"><cite>图为西藏军区林芝军分区某部春季新兵奔赴新战位现场。刘志丹 摄</cite></div>\r\n<br />\r\n车队行驶几小时后到达了大休息点，新兵们在这里午餐和休息，同时也将参观川藏线上十英雄纪念碑，接受一场红色精神洗礼。纪念碑上，&ldquo;无限忠于毛主席的川藏运输线上十英雄&rdquo;题词褒扬了当年为执行川藏线运输任务而牺牲的10名烈士，展现了老一辈西藏官兵们不畏生死，无限忠于党的精神。  <br />\r\n<br />\r\n时光无言，精神有声。凝视着见证了一代又一代筑路人不畏艰难奋斗故事的纪念碑，不少新兵感怀万千，纷纷表示要练好军事技能，为强军伟业添砖加瓦。  <br />\r\n<br />\r\n经过近300公里的行程，新兵们终于到达目的地。营门口已是锣鼓喧天，掌声雷动，老兵们整齐列队，欢迎着新战友的到来。  <br />\r\n<br />\r\n连队也为&ldquo;家庭新成员&rdquo;们准备了一份&ldquo;暖心套餐&rdquo;，该部某连指导员鲁润南带领新兵们走进了军史馆，在了解单位光辉历史中感受连队发展成就，增强荣誉感。  <br />\r\n<br />\r\n光辉历史引领在前方，战友热情激荡在身边。新兵们纷纷表示，前辈的功勋催人奋进，单位的建设令他自豪。从新兵营到连队，他们也将接过钢枪去战斗，为连队发展书写新篇章。 <br />', '2024-06-06 12:19:38', 111, '', '/images/77_20240611152509112.jpg'),
(80, 1, 8, '中国-东盟：亚太区域合作的成功典范', '东盟在面临新冠疫情和复杂多变的国际局势的挑战时，通过&ldquo;东盟中心&rdquo;区域架构内的共同努力，共同体建设仍然取得了新的进展，显示出东盟应对共同挑战和推进共同体建设的韧性与活力。日前，由广西民族大学与社会科学文献出版社联合发布的《东盟黄皮书：东盟发展报告（2023）》指出，在经济共同体建设方面，东盟加快推动数字经济一体化发展、经济绿色化和可持续发展进程，积极促进区域经济合作与自由贸易发展，持续参与共建&ldquo;一带一路&rdquo;，经济得到快速恢复增长。报告认为，东盟与中国的全面战略伙伴关系开局良好，双方交流热度不断上升、合作深度不断拓展，双边政治、外交关系发展稳定，经贸关系日益密切，东盟连续三年成为中国最大的贸易伙伴，中国-东盟关系已成为亚太区域合作中最成功、最具活力的典范。  <br />\r\n<br />\r\n<strong>贸易增速遥遥领先</strong>  <br />\r\n<br />\r\n报告指出，中国与东盟的贸易增速遥遥领先。2009年以来，中国连续14年保持东盟第一大贸易伙伴地位。中国-东盟自由贸易区也于2010年1月1日正式全面启动，并于2019年推出中国-东盟自贸区2.0版。2020年，东盟超越欧盟，历史性地成为中国第一大贸易伙伴，首次形成中国与东盟互为第一大贸易伙伴的良好发展格局。2022年是RCEP全面生效第一年，也是中国-东盟全面战略伙伴关系的开局之年，双方在设施互联互通建设方面持续推进，经贸互动更加紧密。中国与东盟贸易规模达到6.52万亿元，占中国对RCEP其他成员国进出口规模的50.3%。东盟作为中国最大贸易伙伴的地位进一步巩固。  <br />\r\n<br />\r\n<strong>中老铁路初显成效</strong>  <br />\r\n<br />\r\n报告指出，&ldquo;一带一路&rdquo;的标志性工程&mdash;&mdash;中老铁路全长1035公里，北起中国云南昆明、南至老挝万象，2021年12月3日全线通车运营。2022年中老铁路累计运输货物1271.3万吨（其中跨境货物运输238.4万吨），完成年度目标的149%，货值150多亿元，货物包括橡胶、化肥、百货、电子、通信、光伏、汽车、鲜花等1400多个品种，尤其是老挝、泰国以及东盟其他国家的优质水果通过冷链专列很快就进入中国市场。中老铁路货物来源和到货地点覆盖13个国家以及中国31个省区市。在中国与东盟铁路货物运输中，中老铁路运输的比重达到44.7%。在旅客运输方面，累计完成882.2万人次，完成率196%。  <br />\r\n<br />\r\n中老铁路更重大的意义是其向南的延伸。老挝万象南站换装场于2022年7月1日建成投用，准轨铁路与米轨铁路在此联通，中国&mdash;老挝&mdash;泰国&mdash;马来西亚&mdash;新加坡铁路实现连接通达，首批跨境集装箱货物在此完成轨道转换后，往南驶向泰国的沿海港口。经中老铁路，中国到泰国间的运输时间比汽车转运缩短约1天，物流成本减少20%以上。中国与东盟国家运输部门正在培育&ldquo;中老铁路+西部陆海新通道班列&rdquo;和&ldquo;中老铁路+中欧班列&rdquo;等国际联运新模式，这将进一步推动亚欧之间的贸易以及物流运输的发展。  <br />\r\n<br />\r\n<strong>FTA3.0版未来可期</strong> <br />\r\n<br />\r\n自由贸易是中国东盟经贸关系不断发展的重要推手。2002年11月，中国-东盟领导人举行第六次会议，中国-东盟自贸区进程启动。2010年1月1日，中国-东盟自贸区正式建成（称为1.0版）。2015年11月22日，中国-东盟签署自贸区升级议定书，2019年10月22日对所有成员全面生效（称为2.0版）。中国-东盟自由贸易区建成以来，双边贸易有了巨大的发展。 <br />\r\n<br />\r\n报告指出，新形势下，为了推进市场更大开放，推动双边贸易向更高层次发展，中国东盟启动了自贸区3.0版的进程。2023年2月7日，《中国-东盟自由贸易协定》首轮升级谈判以线上方式举行。2023年4月10&mdash;12日第二轮谈判在泰国曼谷举行，这是双方举行的3.0版首次线下谈判，讨论了升级后自由贸易协定的关键要素及谈判的工作计划。中国东盟把开放性作为首要原则，在不对抗、不树敌的外交思想指导下，打造一体化的产业链，促进彼此比较优势的深度对接，向友好型、互助型、可持续、普惠式方向发展，实现双方互利共赢的经济增长。 <br />\r\n<br />\r\n为了扩大从东南亚的进口，平衡双边的进出口，中国特别增加了对东南亚农产品的进口，尤其是东南亚国家的水果。中国已开放东南亚的榴莲进入，在2022年增长的基础上，2023年初泰国、越南、菲律宾、马来西亚、柬埔寨、老挝的榴莲大举进入中国市场。', '2024-06-06 12:40:18', 63, '', '/images/80_20240611143309711.jpg'),
(81, 1, 7, '习近平主持召开中央全面深化改革委员会第五次会议', '新华社北京11月14日电  中共中央总书记、国家主席、中央军委主席、中央全面深化改革委员会主任习近平11月14日下午主持召开中央全面深化改革委员会第五次会议并发表重要讲话。他强调，庆祝改革开放40周年，要以新时代中国特色社会主义思想为指导，深刻总结改革开放光辉历程和宝贵经验，引导广大干部群众充分认识改革开放重大意义和伟大成就，增强&ldquo;四个意识&rdquo;，坚定&ldquo;四个自信&rdquo;，继续高举改革开放伟大旗帜，把握完善和发展中国特色社会主义制度、推进国家治理体系和治理能力现代化的总目标，不断把新时代改革开放继续推向前进。  <br />\r\n<br />\r\n中共中央政治局常委、中央全面深化改革委员会副主任王沪宁、韩正出席会议。  <br />\r\n<br />\r\n会议审议通过了《海南省创新驱动发展战略实施方案》、《海南省建设国际旅游消费中心的实施方案》、《关于支持海南全面深化改革开放有关财税政策的实施方案》、《关于支持海南全面深化改革开放综合财力补助资金的管理办法》、《关于调整海南离岛旅客免税购物政策工作方案》、《加快完善市场主体退出制度改革方案》、《深化政府采购制度改革方案》、《国家职业教育改革实施方案》、《关于加强县级融媒体中心建设的意见》、《关于深化改革培育世界一流科技期刊的意见》、《关于推进基层整合审批服务执法力量的实施意见》、《关于加强和改进出版工作的意见》、《国家组织药品集中采购试点方案》、《关于全面推行行政执法公示制度执法全过程记录制度重大执法决定法制审核制度的指导意见》和《&ldquo;街乡吹哨、部门报到&rdquo;&mdash;&mdash;北京市推进党建引领基层治理体制机制创新的探索》。  <br />\r\n<br />\r\n会议指出，党中央着眼于我国改革开放和社会主义现代化建设全局，赋予海南全面深化改革开放新的使命，支持海南建设全岛自由贸易试验区，逐步探索、稳步推进中国特色自由贸易港建设。要按照党中央决策部署，完善政策体系，做好各项实施方案编制工作，尽快把四梁八柱搭建起来。对海南实施创新驱动发展战略、建设国际旅游消费中心、加大财税支持力度、加强综合财力补助资金管理、调整离岛旅客免税购物政策，要统筹推进、抓好落实。  <br />\r\n<br />\r\n会议强调，完善市场主体退出制度，对推进供给侧结构性改革、完善优胜劣汰的市场机制、激发市场主体竞争活力、推动经济高质量发展具有重要意义。要遵循市场化、法治化原则，坚持约束与激励并举，尊重和保障市场主体自主经营权，有效保护各方合理权益，创新调控、监管、服务方式，合理运用公共政策给予引导和支持，提高市场重组、出清的质量和效率。  <br />\r\n<br />\r\n会议指出，深化政府采购制度改革要坚持问题导向，强化采购人主体责任，建立集中采购机构竞争机制，改进政府采购代理和评审机制，健全科学高效的采购交易机制，强化政府采购政策功能措施，健全政府采购监督管理机制，加快形成采购主体职责清晰、交易规则科学高效、监管机制健全、政策功能完备、法律制度完善、技术支撑先进的现代政府采购制度。  <br />\r\n<br />\r\n会议强调，要把职业教育摆在更加突出的位置，对接科技发展趋势和市场需求，完善职业教育和培训体系，优化学校、专业布局，深化办学体制改革和育人机制改革，鼓励和支持社会各界特别是企业积极支持职业教育，着力培养高素质劳动者和技术技能人才，为促进经济社会发展和提高国家竞争力提供优质人才资源支撑。  <br />\r\n<br />\r\n会议指出，组建县级融媒体中心，有利于整合县级媒体资源、巩固壮大主流思想舆论。要深化机构、人事、财政、薪酬等方面改革，调整优化媒体布局，推进融合发展，不断提高县级媒体传播力、引导力、影响力。要坚持管建同步、管建并举，坚持正确政治方向、舆论导向、价值取向，坚守社会责任，把社会效益放在首位。  <br />\r\n<br />\r\n会议强调，科技期刊传承人类文明，荟萃科学发现，引领科技发展，直接体现国家科技竞争力和文化软实力。要以建设世界一流科技期刊为目标，科学编制重点建设期刊目录，做精做强一批基础和传统优势领域期刊。  <br />\r\n<br />\r\n会议指出，推进基层整合审批服务执法力量，要坚持和加强党的全面领导，适应街道、乡镇工作特点和便民服务需要，综合设置基层审批服务机构，整合基层网格管理和指挥平台，大力推动资源服务管理下沉，使基层各类机构、组织在服务保障群众需求上有更大作为。  <br />\r\n<br />\r\n会议强调，加强和改进出版工作，要坚持中国特色社会主义文化发展道路，坚持为人民服务、为社会主义服务，坚持百花齐放、百家争鸣，加强内容建设，深化改革创新，完善出版管理，着力构建把社会效益放在首位、社会效益和经济效益相统一的出版体制机制，努力为人民群众提供更加丰富、更加优质的出版产品和服务。  <br />\r\n<br />\r\n会议指出，国家组织药品集中采购试点，目的是探索完善药品集中采购机制和以市场为主导的药价形成机制，降低群众药费负担，规范药品流通秩序，提高群众用药安全。要按照国家组织、联盟采购、平台操作的总体思路，坚持依法合规，坚持市场机制和政府作用相结合，确保药品质量和供应稳定。 <br />\r\n<br />\r\n会议强调，要着力推进行政执法透明、规范、合法、公正，不断健全执法制度、规范执法程序、创新执法方式、加强执法监督，全面提高执法效能，推动形成权责统一、权威高效的行政执法体系，切实维护人民群众合法权益。  <br />\r\n<br />\r\n会议指出，推动社会治理重心向基层下移、把基层党组织建设成为领导基层治理的坚强战斗堡垒，是党的十九大提出的重要任务。北京市委以&ldquo;街乡吹哨、部门报到&rdquo;改革为抓手，积极探索党建引领基层治理体制机制创新，聚焦办好群众家门口事，打通抓落实&ldquo;最后一公里&rdquo;，形成行之有效的做法。各地区要高度重视基层党组织建设，走好新时代群众路线，树立到基层一线解决问题的导向，解决好群众身边的问题。  <br />\r\n<br />\r\n会议强调，各地区各部门要扎实做好庆祝改革开放40周年工作，把回顾总结40年改革开放同新时代推动全面深化改革结合起来，把吸取改革开放历史经验同解决现实矛盾问题结合起来，把充分展示改革开放伟大成就同提升人民群众获得感结合起来，把深化改革开放同推动实现&ldquo;两个一百年&rdquo;奋斗目标、实现中华民族伟大复兴的中国梦结合起来，以更大决心、更大勇气、更大力度把改革开放推向深入。要注意从历史、全局、战略的高度总结40年改革开放成就和经验，突出时代性、思想性、实践性。要坚持问题导向，对一些带有共性、规律性的问题，要注意总结和反思，以利于更好前进。  <br />\r\n<br />\r\n会议指出，党的十八大以来，我们站在新的历史起点上部署推动全面深化改革，既取得很多重大历史性成就，也创造和积累了很多改革的新鲜经验。要把这个阶段改革工作总结好，把新时代改革开放精神风貌展现好。 <br />\r\n<br />\r\n会议强调，庆祝改革开放40周年，要拿出实实在在的行动，在抓改革落实上下更大气力，关键是找准问题、抓住问题、解决问题。既要关注整体面上改革推进落实情况，也要善于从小处切口、点上发力，确保问题发现一个就能解决一个。地方抓落实要从全局高度把握党中央战略意图，使地方改革更好融入国家改革发展大局，把党中央要求搞准，把存在突出问题搞准，做实改革举措，提高改革效能，切忌形式主义、官僚主义。  <br />\r\n<br />\r\n会议指出，40年实践证明，越是环境复杂，越要保持战略定力，把得住大局，看得清方向，站得稳脚跟，担得起风险。我们要加强战略研判，既谋划战略性改革，也推动战役性改革，通过改革来释放内需潜力、激发经济活力、培育增长动力。要营造好改革开放社会氛围，加强正面宣传和舆论引导，及时回答干部群众关心的重大思想认识问题，善于听取正确意见，坚定全社会改革信心。 <br />', '2024-06-06 12:40:57', 187, '', '/images/81_20240611151613631.jpg'),
(84, 1, 6, '王星越叼玉佩的那一刻真的帅炸我了，这个镜头竟然拍了一周，人都熏黑了', '<img src="/news/userfiles/20240612_021739_2974.jpg" alt="" />\r\n<div style="text-align: center;">王星越叼玉佩的那一刻真的帅炸我了，这个镜头竟然拍了一周，人都熏黑了</div>\r\n<br />\r\n#王星越叼玉佩戏拍了一周#王星越叼玉佩的那一刻真的帅炸我了，这个镜头竟然拍了一周，人都熏黑了。#王星越#   <br />\r\n<br />\r\n<video playsinline="playsinline" x5-video-player-type="h5-page" t7-video-player-type="inline" webkit-playsinline="isiPhoneShowPlaysinline" tabindex="-1" role="application" preload="auto" controls="" src="http://f.video.weibocdn.com/o0/L7g53XZllx08fzxfEvlC0104120091Uq0E010.mp4?label=mp4_720p&amp;template=720x1280.24.0&amp;ori=0&amp;ps=1CvO5P1PN4Iles&amp;Expires=1718161976&amp;ssig=yvEhVxYfN%2F&amp;KID=unistore,video"></video>', '2024-06-06 13:05:37', 102, '', '/images/84_20240612022828178.jpg'),
(85, 1, 5, '中国启动全球首个大规模绿色氢气生产设施', '<strong>中国北京--2024 年 6 月 11 日</strong>--随着全球首个大型绿色制氢设施在内蒙古鄂尔多斯落成，中国在全球清洁能源竞赛中迈出了重要一步。该设施由中国能源投资集团公司（CEIC）牵头的一个财团建造，利用太阳能和风能等可再生能源发电，用于电解过程，从而产生绿色氢气，这是一种燃烧清洁的燃料，使用时仅排放水蒸气。<br />\r\n鄂尔多斯工厂拥有每年 20 万吨绿色氢气的生产能力，足以为数百万辆燃料电池汽车提供动力或产生清洁电力。这标志着中国成为全球绿色氢能技术开发和应用领导者的宏伟计划中的一个重要里程碑。<br />\r\n&ldquo;该设施的启动标志着中国和世界在应对气候变化方面取得了重大突破，&rdquo;CEIC 董事长李凡荣说。&quot;绿色氢能有可能彻底改变我们的能源行业，为所有人创造一个更清洁、更可持续的未来。 <br />\r\n<br />\r\n<strong>绿色氢能的优势 <br />\r\n</strong>  与传统化石燃料相比，绿色氢能具有以下几个优势：\r\n<ul>\r\n    <li>清洁燃烧： 在燃料电池中使用时，绿色氢气只产生水蒸气作为副产品，使其成为汽油和柴油的清洁环保替代品。</li>\r\n    <li>可再生能源： 绿色氢气可以利用太阳能和风能等可再生能源生产，有助于减少对化石燃料的依赖，应对气候变化。</li>\r\n    <li>能源储存： 绿色氢气可以储存和运输，是平衡可再生能源电网供需的重要工具。</li>\r\n</ul>\r\n<br />\r\n<strong>中国的绿色氢能雄心</strong> <br />\r\n中国已将绿色氢能作为其清洁能源战略的重要支柱。中国政府为未来几年的绿色氢气生产和应用制定了宏伟目标。鄂尔多斯工厂只是中国计划在这一新兴领域成为全球领导者的第一步。 <br />\r\n该设施的成功启动预计将对全球绿色制氢产业产生连锁反应。它有可能刺激对这一清洁能源技术的研究、开发和应用的进一步投资。  <br />\r\n<br />\r\n<strong>全球影响</strong> <br />\r\n发展像鄂尔多斯这样的大规模绿色制氢设施，有可能大幅减少温室气体排放，加快向清洁能源未来的过渡。中国在这一领域的领先地位很可能会激励其他国家投资绿色制氢技术，从而为所有人创造一个更加可持续的未来铺平道路。', '2024-06-06 13:05:59', 78, '', '/images/85_20240611132630779.jpg'),
(87, 1, 7, '习近平：发展新质生产力是推动高质量发展的内在要求和重要着力点', '发展新质生产力是推动高质量发展的内在要求和重要着力点  习近平  　　今天进行二十届中央政治局第十一次集体学习，内容是扎实推进高质量发展，目的是结合学习贯彻党的二十大和中央经济工作会议精神，总结新时代高质量发展成就，分析存在的突出矛盾和问题，探讨改进措施，推动高质量发展取得新进展新突破。<br />\r\n<br />\r\n党的十八大以来，我们全面贯彻新发展理念，不断深化对我国经济发展阶段性特征和规律的认识，更加强调发展的高质量，党的十九大报告宣告&ldquo;我国经济已由高速增长阶段转向高质量发展阶段&rdquo;，党的二十大报告强调&ldquo;高质量发展是全面建设社会主义现代化国家的首要任务&rdquo;。新时代以来，党中央作出一系列重大决策部署，推动高质量发展成为全党全社会的共识和自觉行动，高质量发展成为主旋律。近年来，我国科技创新成果丰硕，创新驱动发展成效日益显现；城乡区域发展协调性、平衡性明显增强；改革开放全面深化，发展动力活力竞相迸发；绿色低碳转型成效显著，发展方式转变步伐加快，高质量发展取得明显成效。  <br />\r\n<br />\r\n同时，制约高质量发展因素还大量存在。从外部环境看，世界百年未有之大变局全方位、深层次加速演进。从内在条件看，我国一些领域关键核心技术受制于人的局面尚未根本改变，城乡区域发展和收入分配差距依然较大，掣肘经济社会高质量发展。从工作推进情况看，有的领导干部认识不到位，实际工作中一遇到矛盾和困难又习惯性回到追求粗放扩张、低效发展的老路上；有的领导干部观念陈旧，名曰推动高质量发展、实际上&ldquo;新瓶装旧酒&rdquo;；有的领导干部能力不足，面对国内外新环境新挑战，不知如何推动高质量发展，等等。对这些问题，要高度重视，切实解决。我们必须牢记高质量发展是新时代的硬道理，完整、准确、全面贯彻新发展理念，把加快建设现代化经济体系、推进高水平科技自立自强、加快构建新发展格局、统筹推进深层次改革和高水平开放、统筹高质量发展和高水平安全等战略任务落实到位，完善推动高质量发展的考核评价体系，为推动高质量发展打牢基础。  <br />\r\n<br />\r\n发展新质生产力是推动高质量发展的内在要求和重要着力点。这里，我重点就此谈一些认识。<br />\r\n<br />\r\n去年7月以来，我在四川、黑龙江、浙江、广西等地考察调研时，提出要整合科技创新资源，引领发展战略性新兴产业和未来产业，加快形成新质生产力。12月中旬，在中央经济工作会议上，我又提出要以科技创新推动产业创新，特别是以颠覆性技术和前沿技术催生新产业、新模式、新动能，发展新质生产力。我提出新质生产力这个概念和发展新质生产力这个重大任务，主要考虑是：生产力是人类社会发展的根本动力，也是一切社会变迁和政治变革的终极原因。高质量发展需要新的生产力理论来指导，而新质生产力已经在实践中形成并展示出对高质量发展的强劲推动力、支撑力，需要我们从理论上进行总结、概括，用以指导新的发展实践。<br />\r\n<br />\r\n什么是新质生产力、如何发展新质生产力？我一直在思考，也注意到学术界的一些研究成果。概括地说，新质生产力是创新起主导作用，摆脱传统经济增长方式、生产力发展路径，具有高科技、高效能、高质量特征，符合新发展理念的先进生产力质态。它由技术革命性突破、生产要素创新性配置、产业深度转型升级而催生，以劳动者、劳动资料、劳动对象及其优化组合的跃升为基本内涵，以全要素生产率大幅提升为核心标志，特点是创新，关键在质优，本质是先进生产力。<br />\r\n<br />\r\n新质生产力的显著特点是创新，既包括技术和业态模式层面的创新，也包括管理和制度层面的创新。必须继续做好创新这篇大文章，推动新质生产力加快发展。<br />\r\n<br />\r\n<strong>第一，大力推进科技创新。</strong>新质生产力主要由技术革命性突破催生而成。科技创新能够催生新产业、新模式、新动能，是发展新质生产力的核心要素。这就要求我们加强科技创新特别是原创性、颠覆性科技创新，加快实现高水平科技自立自强。要深入实施科教兴国战略、人才强国战略、创新驱动发展战略，坚持&ldquo;四个面向&rdquo;，强化国家战略科技力量，有组织推进战略导向的原创性、基础性研究。要聚焦国家战略和经济社会发展现实需要，以关键共性技术、前沿引领技术、现代工程技术、颠覆性技术创新为突破口，充分发挥新型举国体制优势，打好关键核心技术攻坚战，使原创性、颠覆性科技创新成果竞相涌现，培育发展新质生产力的新动能。<br />\r\n<br />\r\n<img src="/news/userfiles/20240611_031250_2999.jpg" width="800" height="531" alt="" /><br />\r\n<cite>2024年5月22日至24日，中共中央总书记、国家主席、中央军委主席习近平在山东考察。这是22日下午，习近平在日照港察看全自动化集装箱码头作业场景。 新华社记者 鞠鹏/摄</cite><br />\r\n<br />\r\n<strong>第二，以科技创新推动产业创新。</strong>科技成果转化为现实生产力，表现形式为催生新产业、推动产业深度转型升级。因此，我们要及时将科技创新成果应用到具体产业和产业链上，改造提升传统产业，培育壮大新兴产业，布局建设未来产业，完善现代化产业体系。要围绕发展新质生产力布局产业链，推动短板产业补链、优势产业延链、传统产业升链、新兴产业建链，提升产业链供应链韧性和安全水平，保证产业体系自主可控、安全可靠。要围绕推进新型工业化和加快建设制造强国、质量强国、网络强国、数字中国等战略任务，科学布局科技创新、产业创新。要大力发展数字经济，促进数字经济和实体经济深度融合，打造具有国际竞争力的数字产业集群。要围绕建设农业强国目标，加大种业、农机等科技创新和创新成果应用，用创新科技推进现代农业发展，保障国家粮食安全。<br />\r\n<br />\r\n<strong>第三，着力推进发展方式创新。</strong>绿色发展是高质量发展的底色，新质生产力本身就是绿色生产力。我们必须加快发展方式绿色转型，助力碳达峰碳中和。要牢固树立和践行绿水青山就是金山银山的理念，坚定不移走生态优先、绿色发展之路。加快绿色科技创新和先进绿色技术推广应用，做强绿色制造业，发展绿色服务业，壮大绿色能源产业，发展绿色低碳产业和供应链，构建绿色低碳循环经济体系。持续优化支持绿色低碳发展的经济政策工具箱，发挥绿色金融的牵引作用，打造高效生态绿色产业集群。同时，在全社会大力倡导绿色健康生活方式。<br />\r\n<br />\r\n<strong>第四，扎实推进体制机制创新。</strong>生产关系必须与生产力发展要求相适应。发展新质生产力，必须进一步全面深化改革，形成与之相适应的新型生产关系。新质生产力既需要政府超前规划引导、科学政策支持，也需要市场机制调节、企业等微观主体不断创新，是政府&ldquo;有形之手&rdquo;和市场&ldquo;无形之手&rdquo;共同培育和驱动形成的。因此，要深化经济体制、科技体制等改革，着力打通束缚新质生产力发展的堵点卡点，建立高标准市场体系，创新生产要素配置方式，让各类先进优质生产要素向发展新质生产力顺畅流动。同时，要扩大高水平对外开放，为发展新质生产力营造良好国际环境。<br />\r\n<br />\r\n<strong>第五，深化人才工作机制创新。</strong>要按照发展新质生产力要求，畅通教育、科技、人才的良性循环，完善人才培养、引进、使用、合理流动的工作机制。要根据科技发展新趋势，优化高等学校学科设置、人才培养模式，为发展新质生产力、推动高质量发展培养急需人才。要着力培养造就战略科学家、一流科技领军人才和创新团队，着力培养造就卓越工程师、大国工匠，加强劳动者技能培训，不断提高各类人才素质。要健全要素参与收入分配机制，激发劳动、知识、技术、管理、资本和数据等生产要素活力，更好体现知识、技术、人才的市场价值，营造鼓励创新、宽容失败的良好氛围。<br />\r\n※这是习近平总书记2024年1月31日在二十届中央政治局第十一次集体学习时的讲话。', '2024-06-11 03:11:48', 102, '', 'images/87_20240611031148283.jpg'),
(88, 1, 8, '全球气候峰会圆满落幕：各国携手签署历史性减排协议，共同绘制绿色发展新蓝图', '在全球气候峰会上，各国领导人经过数日的紧张磋商和激烈讨论，最终达成并签署了具有里程碑意义的减排协议。这一协议的签署，标志着全球应对气候变化合作进入了一个全新的阶段。 <br />\r\n<br />\r\n此次峰会上，各国领导人深入探讨了减排目标、技术转让、资金援助等关键问题，并在多个领域取得了重要成果。协议明确规定了各国的减排目标和时间表，要求各国根据自身国情和能力，制定并实施具体的减排计划，以实现全球气温上升控制在2摄氏度以内的目标。同时，发达国家承诺向发展中国家提供必要的技术支持和资金援助，以帮助他们实现减排目标，并推动全球绿色转型。 <br />\r\n<br />\r\n中国政府在此次峰会上发挥了重要作用。中国代表团团长在发言中表示，中国将坚定不移地走绿色发展道路，推动经济高质量发展和生态文明建设。中国将积极参与全球环境治理，与各国携手合作，共同应对气候变化挑战。 <br />\r\n<br />\r\n峰会期间，各国还举办了多场环保活动和绿色技术展示，展示了各自在应对气候变化方面的最新成果和先进技术。这些活动不仅增强了各国在应对气候变化问题上的信心和决心，也为全球绿色转型提供了有益的经验和借鉴。 <br />\r\n<br />\r\n联合国秘书长在峰会闭幕式上发表讲话，对各国在应对气候变化问题上所做出的努力和贡献给予了高度评价。他强调，全球气候变化问题是一个紧迫而严峻的挑战，需要各国共同努力、携手应对。他呼吁各国继续加强合作，推动全球环境治理体系的建设和完善，共同为地球的未来注入新的希望和活力。 <br />\r\n<br />\r\n此次全球气候峰会的成功召开，为全球应对气候变化合作注入了新的动力。我们有理由相信，在全球各国的共同努力下，我们一定能够应对气候变化的挑战，实现地球的可持续发展。', '2024-06-11 05:32:01', 109, 'ICAT-China-deliverable-1-20240118.pdf', 'images/88_20240611053201668.jpg');

-- --------------------------------------------------------

--
-- Table structure for table `review`
--

CREATE TABLE IF NOT EXISTS `review` (
  `review_id` int(11) NOT NULL AUTO_INCREMENT,
  `news_id` int(11) DEFAULT NULL,
  `user_id` int(11) DEFAULT NULL,
  `content` text,
  `publish_time` datetime DEFAULT NULL,
  `state` char(10) DEFAULT NULL,
  `ip` char(15) DEFAULT NULL,
  PRIMARY KEY (`review_id`),
  KEY `FK_review_news` (`news_id`),
  KEY `FK_review_user` (`user_id`)
) ENGINE=InnoDB  DEFAULT CHARSET=gbk AUTO_INCREMENT=54 ;

--
-- Dumping data for table `review`
--

INSERT INTO `review` (`review_id`, `news_id`, `user_id`, `content`, `publish_time`, `state`, `ip`) VALUES
(1, 8, 1, '1', '2024-05-13 03:28:58', '已审核', '::1'),
(2, 8, 2, '1', '2024-05-13 03:30:05', '已审核', '::1'),
(3, 8, 1, '1', '2024-05-13 03:30:32', '已审核', '::1'),
(4, 8, 2, '1 What''s up "dawg".', '2024-05-13 03:31:38', '已审核', '116.169.10.142'),
(6, 8, 2, '1 What''s up &quot;dawg&quot;.', '2024-05-13 03:37:40', '未审核', '116.169.10.142'),
(7, 8, 1, '1 Hey @ fruity''&quot; mellon What''s up &quot;dawg&quot;.', '2024-05-13 03:41:09', '未审核', '116.169.10.142'),
(8, 8, 2, '1 Hey @ fruity''&quot; mellon What''s up &quot;dawg&quot;.', '2024-05-13 16:55:59', '未审核', '116.169.10.142'),
(9, 8, 1, '1 Hey @ fruity''&quot; mellon What''s up &quot;dawg&quot;.', '2024-05-13 16:56:23', '未审核', '116.169.10.142'),
(10, 8, 2, '1 Hey @ fruity''&quot; mellon What''s up &quot;dawg&quot;.', '2024-05-13 16:56:33', '未审核', '116.169.10.142'),
(11, 8, 1, '1 Hey @ fruity''&quot; mellon What''s up &quot;dawg&quot;.', '2024-05-13 16:56:46', '已审核', '116.169.10.142'),
(12, 15, 2, '2', '2024-05-29 14:57:24', '未审核', '::1'),
(13, 15, 1, 'ds', '2024-05-29 14:57:52', '已审核', '::1'),
(23, 15, 1, 'rw', '2024-05-29 15:37:13', '已审核', '::1'),
(25, 21, 3, 'important', '2024-06-02 07:55:27', '未审核', '::1'),
(26, 21, 2, 'important', '2024-06-02 07:55:58', '已审核', '::1'),
(29, 39, 6, '这部作品真的令人难以忘怀！它以其独特的魅力，成功地吸引了我的注意力，让我沉浸在故事的海洋中无法自拔。\n\n首先，故事情节设计得相当出色，充满了惊喜和转折。作者巧妙地将各个线索交织在一起，构建了一个既复杂又引人入胜的世界。读者在跟随主角的冒险过程中，会不断产生好奇心，想要一探究竟。\n\n其次，角色塑造是这部作品的另一个亮点。每个角色都有着自己独特的性格和经历，他们的行为和选择都显得合情合理，让人能够感同身受。作者通过对角色的深入挖掘，使得整个故事更加真实、生动。\n\n此外，作者的文笔也是这部作品的一大亮点。他/她运用了丰富的语言和细腻的描绘，将读者带入了一个既梦幻又真实的世界。每一个场景都仿佛历历在目，让人仿佛置身其中。\n\n总的来说，这部作品是一部值得一读再读的佳作。它以其精彩的情节、鲜活的角色和出色的文笔，赢得了我的高度评价。我相信，只要你打开这本书，你也会被它所吸引，沉浸在这个精彩的故事中。', '2024-06-03 02:30:34', '已审核', '116.169.10.142'),
(30, 39, 2, '说明''s', '2024-06-03 02:31:41', '已审核', '::1'),
(31, 8, 1, 'nm', '2024-06-04 15:31:38', '已审核', '::1'),
(32, 52, 3, 'sf', '2024-06-05 13:58:45', '已审核', '::1'),
(33, 52, 1, 'vfcsv', '2024-06-05 13:58:51', '已审核', '::1'),
(34, 52, 1, 'gtd', '2024-06-05 13:59:29', '未审核', '::1'),
(35, 52, 3, 'sgbvccfxbv', '2024-06-05 13:59:40', '未审核', '::1'),
(36, 52, 1, 'ds', '2024-06-05 14:00:36', '已审核', '::1'),
(37, 52, 1, 'id?', '2024-06-05 14:00:58', '已审核', '::1'),
(38, 52, 1, 'czcs', '2024-06-05 14:02:01', '已审核', '::1'),
(45, 84, 9, '王星越确实帅，可是一想到人家跟我一个高中就有点 [允悲]', '2024-06-12 02:32:01', '已审核', '::1'),
(46, 8, 1, 'admin', '2024-06-12 12:59:00', '未审核', '::1'),
(48, 8, 4, 'john\r\n', '2024-06-12 12:59:39', '未审核', '::1'),
(50, 8, 0, 'unknown', '2024-06-12 13:10:24', '未审核', '::1'),
(51, 8, 0, 's', '2024-06-12 13:12:24', '未审核', '::1'),
(52, 8, 0, 's', '2024-06-12 13:12:29', '未审核', '::1'),
(53, 88, 0, 'as', '2024-06-12 13:15:01', '未审核', '::1');

-- --------------------------------------------------------

--
-- Table structure for table `users`
--

CREATE TABLE IF NOT EXISTS `users` (
  `user_id` int(11) NOT NULL AUTO_INCREMENT,
  `role` char(6) NOT NULL DEFAULT 'user',
  `name` char(20) NOT NULL,
  `email` varchar(255) NOT NULL,
  `password` char(32) DEFAULT NULL,
  `sex` char(3) DEFAULT NULL,
  `DOB` date DEFAULT NULL,
  PRIMARY KEY (`user_id`)
) ENGINE=InnoDB  DEFAULT CHARSET=gbk AUTO_INCREMENT=12 ;

--
-- Dumping data for table `users`
--

INSERT INTO `users` (`user_id`, `role`, `name`, `email`, `password`, `sex`, `DOB`) VALUES
(0, 'user', '未知', '', NULL, NULL, NULL),
(1, 'admin', 'admin', 'admin@admin.com', 'c3284d0f94606de1fd2af172aba15bf3', '男', '2000-01-01'),
(2, 'admin', 'Zikonde', '2819960965@qq.coom', 'd9b1d7db4cd6e70935368a1efb10e377', NULL, '0000-00-00'),
(3, 'user', '邓琬琼', '1533677006@qq.coom', 'd9b1d7db4cd6e70935368a1efb10e377', '女', '0000-00-00'),
(4, 'user', 'John', 'John@qq.com', 'd9b1d7db4cd6e70935368a1efb10e377', '男', '0000-00-00'),
(5, 'user', 'jane', 'jane@qq.com', 'd9b1d7db4cd6e70935368a1efb10e377', '女', '0000-00-00'),
(6, 'user', 'jane', 'jane@sqq.com', 'd9b1d7db4cd6e70935368a1efb10e377', '女', '2012-06-10'),
(7, 'user', 'admin', 'zikonde.nyirenda.5@gmail.com', 'd9b1d7db4cd6e70935368a1efb10e377', '男', '0000-00-00'),
(8, 'user', '康达', 'kang@qq.com', 'd9b1d7db4cd6e70935368a1efb10e377', '男', '0000-00-00'),
(9, 'user', '小闪特好看', 'xiaochan@qq.com', 'd9b1d7db4cd6e70935368a1efb10e377', NULL, NULL),
(10, 'user', 'de', 'q@qq.com', 'd9b1d7db4cd6e70935368a1efb10e377', NULL, NULL);

--
-- Constraints for dumped tables
--

--
-- Constraints for table `news`
--
ALTER TABLE `news`
  ADD CONSTRAINT `FK_news_category` FOREIGN KEY (`category_id`) REFERENCES `category` (`category_id`),
  ADD CONSTRAINT `FK_news_user` FOREIGN KEY (`user_id`) REFERENCES `users` (`user_id`);

--
-- Constraints for table `review`
--
ALTER TABLE `review`
  ADD CONSTRAINT `FK_review_user` FOREIGN KEY (`user_id`) REFERENCES `users` (`user_id`),
  ADD CONSTRAINT `FK_review_news` FOREIGN KEY (`news_id`) REFERENCES `news` (`news_id`);

/*!40101 SET CHARACTER_SET_CLIENT=@OLD_CHARACTER_SET_CLIENT */;
/*!40101 SET CHARACTER_SET_RESULTS=@OLD_CHARACTER_SET_RESULTS */;
/*!40101 SET COLLATION_CONNECTION=@OLD_COLLATION_CONNECTION */;
